DateTime,Event
10/4/19 17:56,0
10/4/19 17:57,1
10/4/19 17:57,2
10/4/19 17:57,3
10/4/19 17:57,4
10/4/19 17:57,5
10/4/19 17:57,6
10/4/19 17:57,7
10/4/19 17:57,8
10/4/19 17:58,9
10/4/19 17:58,10
10/7/19 2:36,11
10/7/19 2:41,12
10/7/19 2:44,13
10/7/19 2:51,14
10/7/19 2:58,15
10/7/19 3:07,16
10/7/19 3:09,17
10/7/19 3:14,18
10/7/19 3:18,19
10/7/19 3:20,20
10/7/19 3:24,21
10/7/19 3:27,22
10/7/19 3:30,23
10/7/19 3:36,24
10/7/19 3:37,25
10/7/19 3:39,26
10/7/19 3:40,27
10/7/19 3:41,28
10/7/19 3:42,29
10/7/19 3:43,30
10/7/19 3:44,31
10/7/19 3:46,32
10/7/19 3:47,33
10/7/19 3:49,34
10/7/19 3:50,35
10/7/19 3:51,36
10/7/19 3:51,37
10/7/19 3:51,38
10/7/19 3:52,39
10/7/19 3:53,40
10/7/19 3:56,41
10/7/19 3:58,42
10/7/19 4:00,43
10/7/19 4:02,44
10/7/19 4:04,45
10/7/19 4:07,46
10/7/19 4:09,47
10/7/19 4:12,48
10/7/19 4:13,49
10/7/19 4:14,50
10/7/19 4:16,51
10/7/19 4:17,52
10/7/19 4:19,53
10/7/19 4:25,54
10/7/19 4:27,55
10/7/19 4:30,56
10/7/19 4:32,57
10/7/19 4:34,58
10/7/19 4:36,59
10/7/19 4:38,60
10/7/19 4:39,61
10/7/19 4:42,62
10/7/19 4:45,63
10/7/19 4:48,64
10/7/19 4:50,65
10/7/19 4:51,66
10/7/19 4:53,67
10/7/19 4:54,68
10/7/19 4:57,69
10/7/19 4:59,70
10/7/19 5:02,71
10/7/19 5:05,72
10/7/19 5:10,73
10/7/19 5:20,74
10/7/19 5:31,75
10/7/19 5:37,76
10/7/19 5:46,77
10/7/19 5:49,78
10/7/19 5:59,79
10/7/19 6:01,80
10/7/19 6:04,81
10/7/19 6:06,82
10/7/19 6:08,83
10/7/19 6:10,84
10/7/19 6:14,85
10/7/19 6:17,86
10/7/19 6:20,87
10/7/19 6:26,88
10/7/19 6:31,89
10/7/19 6:37,90
10/7/19 6:42,91
10/7/19 6:47,92
10/7/19 6:59,93
10/7/19 7:11,94
10/7/19 7:12,95
10/7/19 7:14,96
10/7/19 7:16,97
10/7/19 7:17,98
10/7/19 7:18,99
10/7/19 7:20,100
10/7/19 7:23,101
10/7/19 7:25,102
10/7/19 7:29,103
10/7/19 7:32,104
10/7/19 7:39,105
10/7/19 7:47,106
10/7/19 8:01,107
10/7/19 8:06,108
10/7/19 8:15,109
10/7/19 8:21,110
10/7/19 8:29,111
10/7/19 8:41,112
10/7/19 8:43,113
10/7/19 8:46,114
10/7/19 8:50,115
10/7/19 8:55,116
10/7/19 9:06,117
10/7/19 9:11,118
10/7/19 9:16,119
10/7/19 9:19,120
10/7/19 9:22,121
10/7/19 9:25,122
10/7/19 9:27,123
10/7/19 9:36,124
10/7/19 9:41,125
10/7/19 9:43,126
10/7/19 9:47,127
10/7/19 9:52,128
10/7/19 9:56,129
10/7/19 10:01,130
10/7/19 10:04,131
10/7/19 10:07,132
10/7/19 10:10,133
10/7/19 10:12,134
10/7/19 10:15,135
10/7/19 10:18,136
10/7/19 10:22,137
10/7/19 10:25,138
10/7/19 10:30,139
10/7/19 10:36,140
10/7/19 10:50,141
10/7/19 10:57,142
10/7/19 11:00,143
10/7/19 11:05,144
10/7/19 11:11,145
10/7/19 11:16,146
10/7/19 11:25,147
10/7/19 11:29,148
10/7/19 11:38,149
10/7/19 11:55,150
10/7/19 12:22,151
10/7/19 12:35,152
10/7/19 12:48,153
10/7/19 13:03,154
10/7/19 13:17,155
10/7/19 13:28,156
10/7/19 13:58,157
10/7/19 14:15,158
10/7/19 14:27,159
10/7/19 14:31,160
10/7/19 14:42,161
10/7/19 14:48,162
10/7/19 14:58,163
10/7/19 15:08,164
10/7/19 15:21,165
10/7/19 15:38,166
10/7/19 15:52,167
10/7/19 16:09,168
10/7/19 19:24,169
10/16/19 20:15,170
10/16/19 20:21,171
10/16/19 20:32,172
10/16/19 20:42,173
10/16/19 20:52,174
10/16/19 20:59,175
10/16/19 21:05,176
10/16/19 21:12,177
10/16/19 21:18,178
10/16/19 21:27,179
10/16/19 21:33,180
10/16/19 21:39,181
10/16/19 21:48,182
10/16/19 22:04,183
10/16/19 22:23,184
10/16/19 22:43,185
10/16/19 22:56,186
10/16/19 23:07,187
10/16/19 23:20,188
10/16/19 23:33,189
10/16/19 23:47,190
10/16/19 23:54,191
10/16/19 23:59,192
10/17/19 0:02,193
10/17/19 0:06,194
10/17/19 0:09,195
10/17/19 0:12,196
10/17/19 0:16,197
10/17/19 0:18,198
10/17/19 0:19,199
10/17/19 0:20,200
10/17/19 0:24,201
10/17/19 0:26,202
10/17/19 0:29,203
10/17/19 0:32,204
10/17/19 0:35,205
10/17/19 0:39,206
10/17/19 0:42,207
10/17/19 0:45,208
10/17/19 0:51,209
10/17/19 0:59,210
10/17/19 1:09,211
10/17/19 1:15,212
10/17/19 1:20,213
10/17/19 1:26,214
10/17/19 1:30,215
10/17/19 1:35,216
10/17/19 1:40,217
10/17/19 1:45,218
10/17/19 1:49,219
10/17/19 1:53,220
10/17/19 1:58,221
10/17/19 2:04,222
10/17/19 2:10,223
10/17/19 2:15,224
10/17/19 2:18,225
10/17/19 2:21,226
10/17/19 2:22,227
10/17/19 2:25,228
10/17/19 2:28,229
10/17/19 2:30,230
10/17/19 2:32,231
10/17/19 2:34,232
10/17/19 2:36,233
10/17/19 2:38,234
10/17/19 2:41,235
10/17/19 2:43,236
10/17/19 2:46,237
10/17/19 2:48,238
10/17/19 2:50,239
10/17/19 2:52,240
10/17/19 2:54,241
10/17/19 2:55,242
10/17/19 2:57,243
10/17/19 2:59,244
10/17/19 3:01,245
10/17/19 3:03,246
10/17/19 3:06,247
10/17/19 3:09,248
10/17/19 3:13,249
10/17/19 3:16,250
10/17/19 3:19,251
10/17/19 3:22,252
10/17/19 3:35,253
10/17/19 3:56,254
10/17/19 4:01,255
10/17/19 4:07,256
10/17/19 4:15,257
10/17/19 4:19,258
10/17/19 4:22,259
10/17/19 4:23,260
10/17/19 4:25,261
10/17/19 4:29,262
10/17/19 4:31,263
10/17/19 4:33,264
10/17/19 4:35,265
10/17/19 4:37,266
10/17/19 4:39,267
10/17/19 4:41,268
10/17/19 4:42,269
10/17/19 4:44,270
10/17/19 4:47,271
10/17/19 4:48,272
10/17/19 4:51,273
10/17/19 4:53,274
10/17/19 4:54,275
10/17/19 4:56,276
10/17/19 4:58,277
10/17/19 5:00,278
10/17/19 5:02,279
10/17/19 5:03,280
10/17/19 5:04,281
10/17/19 5:06,282
10/17/19 5:07,283
10/17/19 5:08,284
10/17/19 5:09,285
10/17/19 5:13,286
10/17/19 5:18,287
10/17/19 5:21,288
10/17/19 5:24,289
10/17/19 5:27,290
10/17/19 5:29,291
10/17/19 5:32,292
10/17/19 5:34,293
10/17/19 5:37,294
10/17/19 5:40,295
10/17/19 5:46,296
10/17/19 5:51,297
10/17/19 5:59,298
10/17/19 6:05,299
10/17/19 6:08,300
10/17/19 6:12,301
10/17/19 6:15,302
10/17/19 6:17,303
10/17/19 6:19,304
10/17/19 6:21,305
10/17/19 6:23,306
10/17/19 6:26,307
10/17/19 6:27,308
10/17/19 6:29,309
10/17/19 6:30,310
10/17/19 6:32,311
10/17/19 6:34,312
10/17/19 6:36,313
10/17/19 6:38,314
10/17/19 6:40,315
10/17/19 6:43,316
10/17/19 6:45,317
10/17/19 6:46,318
10/17/19 6:48,319
10/17/19 6:51,320
10/17/19 6:53,321
10/17/19 6:55,322
10/17/19 6:57,323
10/17/19 6:59,324
10/17/19 7:00,325
10/17/19 7:03,326
10/17/19 7:05,327
10/17/19 7:07,328
10/17/19 7:10,329
10/17/19 7:13,330
10/17/19 7:15,331
10/17/19 7:18,332
10/17/19 7:20,333
10/17/19 7:22,334
10/17/19 7:24,335
10/17/19 7:26,336
10/17/19 7:28,337
10/17/19 7:30,338
10/17/19 7:32,339
10/17/19 7:34,340
10/17/19 7:37,341
10/17/19 7:39,342
10/17/19 7:41,343
10/17/19 7:44,344
10/17/19 7:46,345
10/17/19 7:50,346
10/17/19 7:54,347
10/17/19 7:56,348
10/17/19 8:00,349
10/17/19 8:03,350
10/17/19 8:07,351
10/17/19 8:11,352
10/17/19 8:14,353
10/17/19 8:18,354
10/17/19 8:26,355
10/17/19 8:38,356
10/17/19 8:45,357
10/17/19 8:48,358
10/17/19 8:54,359
10/17/19 9:00,360
10/17/19 9:05,361
10/17/19 9:07,362
10/17/19 9:09,363
10/17/19 9:11,364
10/17/19 9:15,365
10/17/19 9:21,366
10/17/19 9:26,367
10/17/19 9:32,368
10/17/19 9:38,369
10/17/19 9:43,370
10/17/19 10:02,371
10/17/19 10:19,372
10/17/19 10:37,373
10/17/19 10:57,374
10/17/19 11:16,375
10/17/19 11:27,376
10/17/19 11:33,377
10/17/19 11:37,378
10/17/19 11:40,379
10/17/19 11:43,380
10/17/19 11:45,381
10/17/19 11:47,382
10/17/19 11:51,383
10/17/19 11:55,384
10/17/19 11:59,385
10/17/19 12:02,386
10/17/19 12:10,387
10/17/19 13:01,388
10/17/19 13:16,389
10/17/19 13:35,390
10/17/19 13:41,391
10/17/19 13:43,392
10/17/19 13:47,393
10/17/19 13:53,394
10/17/19 14:05,395
10/17/19 14:11,396
10/17/19 14:16,397
10/17/19 14:22,398
10/17/19 14:27,399
10/17/19 14:29,400
10/17/19 14:34,401
10/17/19 14:39,402
10/17/19 14:45,403
10/17/19 14:52,404
10/17/19 14:58,405
10/17/19 15:15,406
10/17/19 15:26,407
10/17/19 15:37,408
10/17/19 15:43,409
10/17/19 15:55,410
10/17/19 16:21,411
10/17/19 16:45,412
10/17/19 17:22,413
10/17/19 17:30,414
10/17/19 17:43,415
10/17/19 18:14,416
10/18/19 8:39,417
10/18/19 8:39,418
10/18/19 8:40,419
10/18/19 8:40,420
10/18/19 8:40,421
10/18/19 8:40,422
10/18/19 8:40,423
10/18/19 8:40,424
10/18/19 8:41,424
10/18/19 8:44,0
10/18/19 8:45,1
10/18/19 8:45,2
10/18/19 8:46,3
10/18/19 8:46,4
10/18/19 8:46,5
10/22/19 21:09,6
10/22/19 21:27,7
10/22/19 21:29,8
10/22/19 21:30,9
10/22/19 21:32,10
10/22/19 21:34,11
10/22/19 21:39,12
10/22/19 21:48,13
10/22/19 21:51,14
10/22/19 21:55,15
10/22/19 22:00,16
10/22/19 22:05,17
10/22/19 22:09,18
10/22/19 22:13,19
10/22/19 22:16,20
10/22/19 22:23,21
10/22/19 22:26,22
10/22/19 22:42,23
10/22/19 23:13,24
10/22/19 23:43,25
10/23/19 0:11,26
10/23/19 0:57,27
10/23/19 1:02,28
10/23/19 1:05,29
10/23/19 1:08,30
10/23/19 1:10,31
10/23/19 1:13,32
10/23/19 1:16,33
10/23/19 1:19,34
10/23/19 1:25,35
10/23/19 1:28,36
10/23/19 1:30,37
10/23/19 1:32,38
10/23/19 1:36,39
10/23/19 1:39,40
10/23/19 1:42,41
10/23/19 1:46,42
10/23/19 1:49,43
10/23/19 1:54,44
10/23/19 2:09,45
10/23/19 2:26,46
10/23/19 2:34,47
10/23/19 2:46,48
10/23/19 2:54,49
10/23/19 3:00,50
10/23/19 3:26,51
10/23/19 3:44,52
10/23/19 3:46,53
10/23/19 3:49,54
10/23/19 7:58,55
10/25/19 23:09,12
10/26/19 5:33,13
10/27/19 5:11,14
10/27/19 5:29,15
10/27/19 7:04,16
10/27/19 8:00,17
10/27/19 8:12,18
10/27/19 8:25,19
10/27/19 8:32,20
10/27/19 8:36,21
10/27/19 8:40,22
10/27/19 8:44,23
10/27/19 8:48,24
10/27/19 8:53,25
10/27/19 8:58,26
10/27/19 9:03,27
10/27/19 9:08,28
10/27/19 9:13,29
10/27/19 9:16,30
10/27/19 9:18,31
10/27/19 9:20,32
10/27/19 9:22,33
10/27/19 9:26,34
10/27/19 9:28,35
10/27/19 9:31,36
10/27/19 9:33,37
10/27/19 9:34,38
10/27/19 9:37,39
10/27/19 9:40,40
10/27/19 9:43,41
10/27/19 9:45,42
10/27/19 9:49,43
10/27/19 9:51,44
10/27/19 9:53,45
10/27/19 9:56,46
10/27/19 9:59,47
10/27/19 10:01,48
10/27/19 10:06,49
10/27/19 10:11,50
10/27/19 10:17,51
10/27/19 10:21,52
10/27/19 10:29,53
10/27/19 10:35,54
10/27/19 10:40,55
10/27/19 10:45,56
10/27/19 10:49,57
10/27/19 10:52,58
10/27/19 10:56,59
10/27/19 11:02,60
10/27/19 11:07,61
10/27/19 11:11,62
10/27/19 11:16,63
10/27/19 11:19,64
10/27/19 11:30,65
10/27/19 11:59,66
10/27/19 12:08,67
10/27/19 12:20,68
10/27/19 12:26,69
10/27/19 12:30,70
10/27/19 12:33,71
10/27/19 12:40,72
10/27/19 13:05,73
10/27/19 14:02,74
10/27/19 14:08,75
10/27/19 14:15,76
10/27/19 14:55,77
10/27/19 19:21,78
10/31/19 2:55,13
10/31/19 3:00,14
10/31/19 3:04,15
10/31/19 3:12,16
10/31/19 3:34,17
10/31/19 3:59,18
10/31/19 4:06,19
10/31/19 4:14,20
10/31/19 4:23,21
10/31/19 4:29,22
10/31/19 4:33,23
10/31/19 4:39,24
10/31/19 4:43,25
10/31/19 5:09,26
10/31/19 5:23,27
10/31/19 6:02,28
10/31/19 6:16,29
10/31/19 12:24,30
10/31/19 15:53,31
10/31/19 15:54,32
10/31/19 15:56,33
10/31/19 16:05,34
10/31/19 16:14,35
10/31/19 16:40,36
10/31/19 16:48,37
10/31/19 16:52,38
10/31/19 16:53,39
10/31/19 16:55,40
10/31/19 16:56,41
10/31/19 16:57,42
10/31/19 16:58,43
10/31/19 17:00,44
10/31/19 17:01,45
10/31/19 17:03,46
10/31/19 17:05,47
10/31/19 17:07,48
10/31/19 17:08,49
10/31/19 17:09,50
10/31/19 17:10,51
10/31/19 17:11,52
10/31/19 17:12,53
10/31/19 17:14,54
10/31/19 17:16,55
10/31/19 17:18,56
10/31/19 17:20,57
10/31/19 17:21,58
10/31/19 17:22,59
10/31/19 17:24,60
10/31/19 17:25,61
10/31/19 17:27,62
10/31/19 17:29,63
10/31/19 17:31,64
10/31/19 17:32,65
10/31/19 17:35,66
10/31/19 17:39,67
10/31/19 17:46,68
10/31/19 17:51,69
10/31/19 18:05,70
10/31/19 18:13,71
10/31/19 18:14,72
10/31/19 18:16,73
10/31/19 18:35,74
10/31/19 18:39,75
10/31/19 18:50,76
10/31/19 18:54,77
10/31/19 18:57,78
10/31/19 18:59,79
10/31/19 19:01,80
10/31/19 19:19,81
10/31/19 19:38,82
10/31/19 19:44,83
10/31/19 20:16,84
10/31/19 20:20,85
10/31/19 20:22,86
10/31/19 20:25,87
10/31/19 20:32,88
10/31/19 20:37,89
10/31/19 20:41,90
10/31/19 20:43,91
10/31/19 20:44,92
10/31/19 20:45,93
10/31/19 20:48,94
10/31/19 20:50,95
10/31/19 20:52,96
10/31/19 20:53,97
10/31/19 20:57,98
10/31/19 21:01,99
10/31/19 21:03,100
10/31/19 21:04,101
10/31/19 21:06,102
10/31/19 21:08,103
10/31/19 21:11,104
10/31/19 21:13,105
10/31/19 21:15,106
10/31/19 21:17,107
10/31/19 21:20,108
10/31/19 21:22,109
10/31/19 21:22,110
10/31/19 21:23,111
10/31/19 21:23,112
10/31/19 21:24,113
10/31/19 21:24,114
10/31/19 21:25,115
10/31/19 21:25,116
10/31/19 21:26,117
10/31/19 21:27,118
10/31/19 21:27,119
10/31/19 21:28,120
10/31/19 21:28,121
10/31/19 21:29,122
10/31/19 21:29,123
10/31/19 21:29,124
10/31/19 21:29,125
10/31/19 21:30,126
10/31/19 21:30,127
10/31/19 21:30,128
10/31/19 21:31,129
10/31/19 21:31,130
10/31/19 21:31,131
10/31/19 21:31,132
10/31/19 21:32,133
10/31/19 21:32,134
10/31/19 21:33,135
10/31/19 21:34,136
10/31/19 21:34,137
10/31/19 21:35,138
10/31/19 21:36,139
10/31/19 21:40,140
10/31/19 21:44,141
10/31/19 21:49,142
10/31/19 21:53,143
10/31/19 21:57,144
10/31/19 21:58,145
10/31/19 22:00,146
10/31/19 22:01,147
10/31/19 22:02,148
10/31/19 22:07,149
10/31/19 22:08,150
10/31/19 22:08,151
10/31/19 22:10,152
10/31/19 22:11,153
10/31/19 22:12,154
10/31/19 22:14,155
10/31/19 22:17,156
10/31/19 22:19,157
10/31/19 22:22,158
10/31/19 22:23,159
10/31/19 22:24,160
10/31/19 22:25,161
10/31/19 22:26,162
10/31/19 22:26,163
10/31/19 22:28,164
10/31/19 22:29,165
10/31/19 22:29,166
10/31/19 22:29,167
10/31/19 22:29,168
10/31/19 22:30,169
10/31/19 22:30,170
10/31/19 22:31,171
10/31/19 22:34,172
10/31/19 22:38,173
10/31/19 22:44,174
10/31/19 22:45,175
10/31/19 22:46,176
10/31/19 22:46,177
10/31/19 22:46,178
10/31/19 22:47,179
10/31/19 22:47,180
10/31/19 22:48,181
10/31/19 22:48,182
10/31/19 22:48,183
10/31/19 22:49,184
10/31/19 22:49,185
10/31/19 22:50,186
10/31/19 22:50,187
10/31/19 22:51,188
10/31/19 22:51,189
10/31/19 22:52,190
10/31/19 22:53,191
10/31/19 22:54,192
10/31/19 22:54,193
10/31/19 22:55,194
10/31/19 22:56,195
10/31/19 22:56,196
10/31/19 22:57,197
10/31/19 22:59,198
10/31/19 23:00,199
10/31/19 23:00,200
10/31/19 23:01,201
10/31/19 23:03,202
10/31/19 23:05,203
10/31/19 23:07,204
10/31/19 23:08,205
10/31/19 23:09,206
10/31/19 23:09,207
10/31/19 23:10,208
10/31/19 23:10,209
10/31/19 23:11,210
10/31/19 23:12,211
10/31/19 23:13,212
10/31/19 23:14,213
10/31/19 23:16,214
10/31/19 23:18,215
10/31/19 23:22,216
10/31/19 23:24,217
10/31/19 23:27,218
10/31/19 23:30,219
10/31/19 23:32,220
10/31/19 23:33,221
10/31/19 23:35,222
10/31/19 23:36,223
10/31/19 23:37,224
10/31/19 23:38,225
10/31/19 23:40,226
10/31/19 23:44,227
10/31/19 23:47,228
10/31/19 23:49,229
10/31/19 23:52,230
10/31/19 23:54,231
10/31/19 23:55,232
10/31/19 23:56,233
10/31/19 23:56,234
10/31/19 23:56,235
10/31/19 23:57,236
10/31/19 23:57,237
10/31/19 23:57,238
10/31/19 23:58,239
10/31/19 23:58,240
10/31/19 23:58,241
10/31/19 23:58,242
10/31/19 23:59,243
10/31/19 23:59,244
10/31/19 23:59,245
11/1/19 0:00,246
11/1/19 0:00,247
11/1/19 0:01,248
11/1/19 0:01,249
11/1/19 0:02,250
11/1/19 0:03,251
11/1/19 0:04,252
11/1/19 0:06,253
11/1/19 0:11,254
11/1/19 0:15,255
11/1/19 0:19,256
11/1/19 0:21,257
11/1/19 0:27,258
11/1/19 0:32,259
11/1/19 0:39,260
11/1/19 0:45,261
11/1/19 0:50,262
11/1/19 0:53,263
11/1/19 0:57,264
11/1/19 1:00,265
11/1/19 1:02,266
11/1/19 1:04,267
11/1/19 1:05,268
11/1/19 1:07,269
11/1/19 1:09,270
11/1/19 1:15,271
11/1/19 1:33,272
11/1/19 1:34,273
11/1/19 1:35,274
11/1/19 1:36,275
11/1/19 1:36,276
11/1/19 1:37,277
11/1/19 1:37,278
11/1/19 1:37,279
11/1/19 1:37,280
11/1/19 1:37,281
11/1/19 1:38,282
11/1/19 1:38,283
11/1/19 1:38,284
11/1/19 1:39,285
11/1/19 1:39,286
11/1/19 1:40,287
11/1/19 1:41,288
11/1/19 1:41,289
11/1/19 1:42,290
11/1/19 1:42,291
11/1/19 1:43,292
11/1/19 1:44,293
11/1/19 1:46,294
11/1/19 2:00,295
11/1/19 2:01,296
11/1/19 2:05,297
11/1/19 2:09,298
11/1/19 2:48,299
11/1/19 2:58,300
11/1/19 3:01,301
11/1/19 3:05,302
11/1/19 3:26,303
11/1/19 3:34,304
11/1/19 3:39,305
11/1/19 3:44,306
11/1/19 4:18,307
11/7/19 14:31,7
11/7/19 14:47,8
11/7/19 15:07,9
11/7/19 15:37,10
11/7/19 16:10,11
11/7/19 16:31,12
11/7/19 17:09,13
11/7/19 17:37,14
11/8/19 11:58,15
11/8/19 12:08,16
11/8/19 12:29,17
11/8/19 13:13,18
11/8/19 13:26,19
11/11/19 12:44,20
11/15/19 10:58,21
11/15/19 11:09,22
11/15/19 11:18,23
11/15/19 11:27,24
11/15/19 11:35,25
11/15/19 11:44,26
11/15/19 11:54,27
11/15/19 12:07,28
11/15/19 12:25,29
11/15/19 12:39,30
11/15/19 12:54,31
11/15/19 13:09,32
11/15/19 13:22,33
11/15/19 13:35,34
11/15/19 13:44,35
11/15/19 13:55,36
11/15/19 14:09,37
11/15/19 14:22,38
11/15/19 14:34,39
11/15/19 14:47,40
11/15/19 15:00,41
11/15/19 15:13,42
11/15/19 15:30,43
11/15/19 15:45,44
11/15/19 16:02,45
11/19/19 3:02,5
11/19/19 3:31,6
11/19/19 4:00,7
11/19/19 11:02,8
11/19/19 11:15,9
11/19/19 11:19,10
11/19/19 11:19,11
11/19/19 11:19,12
11/19/19 11:19,13
11/19/19 11:19,14
11/19/19 11:20,15
11/19/19 11:20,16
11/19/19 11:20,17
11/19/19 11:20,18
11/19/19 11:20,19
11/19/19 11:44,20
11/19/19 11:46,21
11/19/19 11:54,22
11/19/19 11:57,23
11/19/19 12:00,24
11/19/19 12:12,25
11/19/19 12:25,26
11/19/19 12:30,27
11/19/19 12:36,28
11/19/19 12:42,29
11/19/19 12:46,30
11/19/19 12:50,31
11/19/19 12:54,32
11/19/19 12:58,33
11/19/19 13:03,34
11/20/19 8:46,35
11/20/19 11:35,36
11/20/19 12:09,37
11/20/19 12:37,38
11/20/19 13:18,39
11/20/19 13:57,40
11/20/19 15:20,41
11/20/19 16:45,42
11/21/19 21:42,43
11/21/19 22:12,44
11/24/19 11:57,45
11/24/19 13:10,46
11/24/19 14:03,47
11/27/19 16:03,48
11/27/19 16:09,49
11/27/19 16:13,50
11/27/19 16:18,51
11/27/19 16:27,52
11/27/19 16:45,53
11/27/19 16:48,54
11/27/19 16:49,55
11/27/19 16:54,56
11/27/19 16:56,57
11/27/19 16:58,58
11/27/19 17:02,59
11/27/19 17:14,60
11/27/19 17:35,61
11/27/19 17:40,62
11/27/19 18:09,63
11/27/19 18:50,64
11/27/19 18:58,65
11/27/19 19:29,66
11/27/19 20:26,67
11/27/19 20:34,68
11/27/19 20:39,69
11/27/19 20:51,70
11/27/19 21:28,71
11/27/19 22:10,72
11/27/19 23:49,73
11/27/19 23:56,74
11/28/19 0:05,75
11/28/19 0:11,76
11/28/19 0:18,77
11/28/19 0:25,78
11/28/19 0:31,79
11/28/19 0:38,80
11/28/19 0:43,81
11/28/19 0:47,82
11/28/19 0:51,83
11/28/19 0:56,84
11/28/19 1:00,85
11/28/19 1:05,86
11/28/19 1:10,87
11/28/19 1:14,88
11/28/19 1:19,89
11/28/19 1:23,90
11/28/19 1:27,91
11/28/19 1:30,92
11/28/19 1:35,93
11/28/19 1:40,94
11/28/19 1:45,95
11/28/19 1:50,96
11/28/19 1:56,97
11/28/19 2:10,98
11/28/19 4:26,99
11/28/19 4:48,100
11/28/19 5:14,101
12/2/19 11:58,102
12/2/19 12:09,103
12/2/19 12:18,104
12/2/19 12:26,105
12/3/19 14:30,106
12/3/19 15:09,107
12/4/19 11:59,108
12/5/19 10:22,109
12/5/19 10:32,110
12/5/19 10:49,111
12/5/19 10:56,112
12/5/19 11:12,113
12/5/19 11:27,114
12/5/19 11:38,115
12/5/19 11:43,116
12/5/19 11:50,117
12/7/19 11:44,118
12/7/19 11:52,119
12/7/19 12:00,120
12/7/19 12:04,121
12/7/19 12:09,122
12/7/19 12:13,123
12/7/19 12:18,124
12/9/19 15:40,125
12/9/19 15:57,126
12/9/19 16:26,127
12/9/19 16:38,128
12/9/19 16:48,129
12/9/19 17:14,130
12/9/19 17:52,131
12/9/19 20:18,132
12/11/19 8:09,133
12/11/19 8:12,134
12/11/19 8:12,135
12/11/19 8:12,136
12/11/19 8:12,137
12/11/19 8:13,138
12/11/19 8:13,139
12/11/19 8:13,140
12/11/19 8:13,141
12/11/19 8:14,142
12/11/19 8:15,143
12/13/19 18:09,144
12/13/19 19:10,145
12/13/19 19:37,146
12/13/19 19:58,147
12/13/19 20:36,148
12/13/19 22:28,149
12/13/19 23:50,150
12/14/19 0:20,151
12/14/19 2:08,152
12/14/19 2:57,153
12/14/19 4:45,154
12/14/19 5:35,155
12/14/19 5:52,156
12/14/19 6:24,157
12/14/19 6:43,158
12/14/19 7:14,159
12/14/19 7:27,160
12/14/19 7:39,161
12/14/19 7:44,162
12/14/19 7:51,163
12/14/19 7:57,164
12/14/19 8:12,165
12/14/19 17:19,166
12/14/19 17:53,167
12/14/19 18:05,168
12/14/19 18:50,169
12/14/19 18:54,170
12/14/19 19:15,171
12/14/19 19:23,172
12/14/19 19:27,173
12/14/19 19:40,174
12/14/19 19:48,175
12/15/19 15:20,0
12/15/19 15:20,1
12/18/19 14:08,2
12/23/19 9:55,3
12/23/19 9:57,4
12/23/19 10:23,5
12/23/19 10:31,6
12/23/19 10:39,7
12/23/19 10:46,8
12/23/19 10:54,9
12/23/19 11:22,10
3/19/20 6:02,0.14
3/20/20 16:06,0.15
3/20/20 16:09,0.16
3/24/20 11:40,0.17
3/24/20 11:41,0.18
3/24/20 11:41,0.19
3/24/20 11:42,0.2
3/24/20 11:43,0.21
3/24/20 11:44,0.22
3/24/20 11:45,0.23
3/24/20 11:46,0.24
3/24/20 11:48,0.25
3/24/20 11:49,0.26
3/24/20 11:50,0.27
3/24/20 11:51,0.28
3/24/20 11:52,0.29
3/24/20 11:53,0.3
3/24/20 11:55,0.31
3/24/20 11:56,0.32
3/24/20 11:58,0.33
3/24/20 11:59,0.34
3/24/20 12:00,0.35
3/24/20 12:02,0.36
3/24/20 12:03,0.37
3/24/20 12:05,0.38
3/24/20 12:06,0.39
3/24/20 12:09,0.4
3/24/20 12:10,0.41
3/24/20 12:12,0.42
3/24/20 12:14,0.43
3/24/20 12:16,0.44
3/24/20 12:18,0.45
3/24/20 12:20,0.46
3/24/20 12:23,0.47
3/24/20 12:26,0.48
3/24/20 12:30,0.49
3/24/20 13:39,0.5
3/24/20 13:41,0.51
3/29/20 8:14,0.52
3/29/20 9:02,0.53
3/29/20 9:10,0.54
3/29/20 9:19,0.55
3/29/20 9:22,0.56
3/29/20 9:34,0.57
3/29/20 10:10,0.58
3/29/20 10:19,0.59
3/29/20 10:23,0.6
3/29/20 10:30,0.61
3/29/20 10:38,0.62
3/29/20 10:47,0.63
3/29/20 10:51,0.64
3/29/20 10:56,0.65
3/29/20 11:04,0.66
3/29/20 11:19,0.67
3/29/20 11:32,0.68
3/29/20 11:42,0.69
3/29/20 11:46,0.7
3/29/20 11:52,0.71
3/29/20 11:58,0.72
3/29/20 12:03,0.73
3/29/20 12:10,0.74
3/29/20 12:27,0.75
3/29/20 13:24,0.76
3/29/20 13:38,0.77
3/29/20 13:44,0.78
3/29/20 13:48,0.79
3/29/20 13:59,0.8
3/29/20 14:28,0.81
3/29/20 15:21,0.82
3/29/20 15:45,0.83
3/29/20 20:15,0.84
3/29/20 20:18,0.85
3/29/20 20:22,0.86
3/29/20 20:25,0.87
3/29/20 20:31,0.88
3/29/20 20:42,0.89
3/29/20 20:56,0.9
3/29/20 21:08,0.91
3/29/20 21:36,0.92
3/29/20 21:59,0.93
3/29/20 22:03,0.94
3/29/20 23:39,0.95
3/30/20 0:03,0.96
3/30/20 12:02,0.97
3/30/20 12:12,0.98
3/30/20 12:23,0.99
3/30/20 12:31,1
3/30/20 12:36,1.01
3/30/20 12:40,1.02
3/30/20 12:44,1.03
3/30/20 12:48,1.04
3/30/20 12:56,1.05
3/30/20 13:08,1.06
3/30/20 13:50,1.07
3/30/20 14:10,1.08
3/30/20 15:43,1.09
3/30/20 18:01,1.1
3/30/20 18:32,1.11
3/30/20 18:49,1.12
3/30/20 19:17,1.13
3/30/20 19:49,1.14
3/30/20 20:09,1.15
3/30/20 20:44,1.16
3/30/20 21:05,1.17
3/30/20 21:25,1.18
3/30/20 23:06,1.19
3/31/20 0:58,1.2
3/31/20 1:42,1.21
3/31/20 2:27,1.22
3/31/20 5:19,1.23
4/2/20 15:24,1.24
4/2/20 17:00,1.25
4/2/20 17:38,1.26
4/2/20 18:04,1.27
4/2/20 18:27,1.28
4/2/20 19:07,1.29
4/2/20 20:23,1.3
4/2/20 20:53,1.31
4/2/20 21:15,1.32
4/2/20 21:33,1.33
4/2/20 22:11,1.34
4/2/20 23:22,1.35
4/3/20 0:07,1.36
4/3/20 1:53,1.37
4/3/20 2:33,1.38
4/3/20 2:52,1.39
4/3/20 3:04,1.4
4/3/20 3:17,1.41
4/3/20 3:28,1.42
4/3/20 3:36,1.43
4/3/20 3:44,1.44
4/3/20 3:54,1.45
4/3/20 4:02,1.46
4/3/20 4:38,1.47
4/3/20 4:51,1.48
4/3/20 5:06,1.49
4/3/20 5:22,1.5
4/3/20 5:47,1.51
4/3/20 5:52,1.52
4/3/20 6:03,1.53
4/3/20 6:12,1.54
4/3/20 6:30,1.55
4/3/20 6:50,1.56
4/3/20 7:34,1.57
4/9/20 10:14,1.58
4/9/20 10:32,1.59
4/9/20 10:38,1.6
4/9/20 10:42,1.61
4/9/20 10:44,1.62
4/9/20 10:46,1.63
4/9/20 10:49,1.64
4/9/20 10:52,1.65
4/9/20 10:54,1.66
4/9/20 10:56,1.67
4/9/20 10:58,1.68
4/9/20 11:00,1.69
4/9/20 11:02,1.7
4/9/20 11:05,1.71
4/9/20 11:14,1.72
4/9/20 11:20,1.73
4/9/20 11:23,1.74
4/9/20 11:27,1.75
4/9/20 11:30,1.76
4/9/20 11:33,1.77
4/9/20 11:40,1.78
4/9/20 11:49,1.79
4/9/20 11:58,1.8
4/9/20 12:15,1.81
4/9/20 12:23,1.82
4/9/20 12:31,1.83
4/9/20 12:36,1.84
4/9/20 12:52,1.85
4/9/20 13:03,1.86
4/9/20 21:46,1.87
4/10/20 5:15,1.88
4/10/20 15:14,1.89
4/10/20 15:32,1.9
4/10/20 15:37,1.91
4/10/20 15:41,1.92
4/10/20 15:42,1.93
4/10/20 15:48,1.94
4/10/20 16:02,1.95
4/10/20 16:34,1.96
4/10/20 16:47,1.97
4/10/20 17:02,1.98
4/10/20 17:14,1.99
4/10/20 17:21,2
4/10/20 17:30,2.01
4/10/20 20:01,2.02
4/13/20 4:18,2.03
4/13/20 4:26,2.04
4/13/20 4:32,2.05
4/13/20 4:37,2.06
4/13/20 4:45,2.07
4/13/20 4:55,2.08
4/13/20 5:42,2.09
4/13/20 6:01,2.1
4/13/20 6:10,2.11
4/13/20 6:18,2.12
4/13/20 6:27,2.13
4/13/20 6:35,2.14
4/13/20 6:49,2.15
4/13/20 7:01,2.16
4/13/20 7:40,2.17
4/13/20 8:15,2.18
4/13/20 8:18,2.19
4/13/20 8:23,2.2
4/13/20 8:28,2.21
4/13/20 8:31,2.22
4/13/20 8:41,2.23
4/13/20 8:44,2.24
4/13/20 8:47,2.25
4/13/20 8:58,2.26
4/13/20 9:24,2.27
4/13/20 11:25,2.28
4/13/20 11:46,2.29
4/13/20 12:45,2.3
4/13/20 13:17,2.31
4/13/20 13:55,2.32
4/13/20 14:09,2.33
4/13/20 14:54,2.34
4/13/20 14:59,2.35
4/13/20 15:02,2.36
4/13/20 15:03,2.37
4/13/20 15:04,2.38
4/13/20 15:06,2.39
4/13/20 15:09,2.4
4/13/20 15:13,2.41
4/13/20 15:20,2.42
4/13/20 15:23,2.43
4/13/20 15:25,2.44
4/13/20 15:28,2.45
4/13/20 15:30,2.46
4/13/20 15:35,2.47
4/13/20 15:39,2.48
4/13/20 15:41,2.49
4/13/20 15:46,2.5
4/13/20 15:54,2.51
4/13/20 17:00,2.52
4/13/20 17:11,2.53
4/13/20 17:36,2.54
4/13/20 17:53,2.55
4/13/20 17:57,2.56
4/13/20 18:00,2.57
4/13/20 18:02,2.58
4/13/20 18:04,2.59
4/13/20 18:10,2.6
4/13/20 18:18,2.61
4/13/20 18:23,2.62
4/13/20 18:30,2.63
4/13/20 18:33,2.64
4/13/20 18:35,2.65
4/13/20 18:36,2.66
4/13/20 18:37,2.67
4/13/20 18:39,2.68
4/13/20 18:41,2.69
4/13/20 18:42,2.7
4/13/20 18:45,2.71
4/13/20 18:51,2.72
4/21/20 13:50,2.73
4/26/20 18:30,2.74
4/26/20 18:41,2.75
4/26/20 18:50,2.76
4/26/20 18:57,2.77
4/26/20 19:04,2.78
4/26/20 19:12,2.79
4/26/20 19:19,2.8
4/26/20 19:25,2.81
4/26/20 19:31,2.82
4/26/20 19:36,2.83
4/26/20 19:40,2.84
4/26/20 19:43,2.85
4/26/20 19:45,2.86
4/26/20 19:48,2.87
4/26/20 19:51,2.88
4/26/20 19:55,2.89
4/26/20 19:58,2.9
4/26/20 20:01,2.91
4/26/20 20:03,2.92
4/26/20 20:07,2.93
4/26/20 20:10,2.94
4/26/20 20:13,2.95
4/26/20 20:17,2.96
4/26/20 20:22,2.97
4/26/20 20:26,2.98
4/26/20 20:30,2.99
4/26/20 20:34,3
4/26/20 20:36,3.01
4/26/20 20:39,3.02
4/26/20 20:42,3.03
4/26/20 20:46,3.04
4/26/20 20:49,3.05
4/26/20 20:52,3.06
4/26/20 20:56,3.07
4/26/20 21:00,3.08
4/26/20 21:06,3.09
4/26/20 21:14,3.1
4/26/20 21:22,3.11
4/26/20 21:28,3.12
4/26/20 21:32,3.13
4/26/20 21:35,3.14
4/26/20 21:38,3.15
4/26/20 21:41,3.16
4/26/20 21:44,3.17
4/26/20 21:48,3.18
4/26/20 21:53,3.19
4/26/20 21:58,3.2
4/26/20 22:03,3.21
4/26/20 22:09,3.22
4/26/20 22:16,3.23
4/26/20 22:22,3.24
4/26/20 22:26,3.25
4/26/20 22:28,3.26
4/26/20 22:32,3.27
4/26/20 22:36,3.28
4/26/20 22:41,3.29
4/26/20 22:47,3.3
4/26/20 22:53,3.31
4/26/20 22:56,3.32
4/26/20 23:00,3.33
4/26/20 23:05,3.34
4/26/20 23:10,3.35
4/26/20 23:14,3.36
4/26/20 23:18,3.37
4/26/20 23:22,3.38
4/26/20 23:28,3.39
4/26/20 23:33,3.4
4/26/20 23:41,3.41
4/26/20 23:45,3.42
4/26/20 23:52,3.43
4/26/20 23:58,3.44
4/27/20 0:07,3.45
4/27/20 0:14,3.46
4/27/20 0:20,3.47
4/27/20 0:26,3.48
4/27/20 0:32,3.49
4/27/20 0:37,3.5
4/27/20 0:43,3.51
4/27/20 0:50,3.52
4/27/20 0:59,3.53
4/27/20 1:05,3.54
4/27/20 1:20,3.55
4/27/20 1:32,3.56
4/27/20 1:47,3.57
4/27/20 1:55,3.58
4/27/20 2:05,3.59
4/27/20 2:11,3.6
4/27/20 2:19,3.61
4/27/20 2:25,3.62
4/27/20 2:37,3.63
4/27/20 2:54,3.64
4/27/20 3:07,3.65
4/27/20 3:22,3.66
4/27/20 3:37,3.67
4/27/20 3:49,3.68
4/27/20 4:07,3.69
4/27/20 7:08,3.7
4/30/20 11:43,3.71
5/1/20 2:18,3.72
5/1/20 2:42,3.73
5/1/20 2:50,3.74
5/1/20 3:20,3.75
5/1/20 8:11,3.76
5/1/20 11:11,3.77
5/1/20 16:01,3.78
5/3/20 1:37,3.79
5/8/20 21:26,3.8
5/8/20 22:02,3.81
5/8/20 22:26,3.82
5/8/20 22:57,3.83
5/8/20 23:14,3.84
5/9/20 0:14,3.85
5/9/20 0:35,3.86
5/9/20 1:13,3.87
5/11/20 13:59,3.88
5/11/20 14:15,3.89
5/11/20 14:20,3.9
5/11/20 14:26,3.91
5/11/20 14:29,3.92
5/11/20 14:37,3.93
5/11/20 14:42,3.94
5/11/20 14:52,3.95
5/11/20 14:59,3.96
5/11/20 15:07,3.97
5/11/20 15:10,3.98
5/11/20 15:15,3.99
5/11/20 15:18,4
5/11/20 15:23,4.01
5/11/20 15:27,4.02
5/11/20 15:31,4.03
5/11/20 15:34,4.04
5/11/20 15:39,4.05
5/11/20 15:41,4.06
5/11/20 15:45,4.07
5/11/20 15:48,4.08
5/11/20 15:51,4.09
5/11/20 15:54,4.1
5/11/20 15:58,4.11
5/11/20 16:00,4.12
5/11/20 16:05,4.13
5/11/20 16:07,4.14
5/11/20 16:11,4.15
5/11/20 16:14,4.16
5/11/20 16:17,4.17
5/11/20 16:20,4.18
5/11/20 16:25,4.19
5/11/20 16:29,4.2
5/11/20 16:35,4.21
5/11/20 16:38,4.22
5/11/20 16:44,4.23
5/11/20 16:48,4.24
5/11/20 16:52,4.25
5/11/20 16:56,4.26
5/11/20 17:00,4.27
5/11/20 17:03,4.28
5/11/20 17:10,4.29
5/11/20 17:16,4.3
5/11/20 17:24,4.31
5/11/20 17:29,4.32
5/11/20 17:36,4.33
5/11/20 17:40,4.34
5/11/20 17:50,4.35
5/11/20 17:57,4.36
5/11/20 18:12,4.37
5/11/20 18:19,4.38
5/11/20 18:34,4.39
5/11/20 18:45,4.4
5/11/20 18:55,4.41
5/11/20 19:05,4.42
5/11/20 19:16,4.43
5/11/20 19:25,4.44
5/11/20 19:34,4.45
5/11/20 19:40,4.46
5/11/20 19:50,4.47
5/11/20 19:57,4.48
5/11/20 20:21,4.49
5/11/20 20:38,4.5
5/11/20 21:10,4.51
5/12/20 14:18,4.52
5/12/20 14:20,4.52
5/15/20 17:41,0.08
5/15/20 17:59,0.09
5/15/20 18:06,0.1
5/15/20 18:13,0.11
5/15/20 18:19,0.12
5/15/20 18:53,0.13
5/15/20 18:55,0.14
5/15/20 19:26,0.15
5/15/20 21:07,0.16
5/15/20 21:26,0.17
5/28/20 21:20,0.18
5/28/20 21:20,0.19
5/28/20 21:20,0.2
5/28/20 21:21,0.21
5/29/20 18:12,0.22
5/29/20 18:47,0.23
5/29/20 20:00,0.24
5/29/20 20:07,0.25
5/29/20 20:18,0.26
5/29/20 20:23,0.27
5/29/20 20:36,0.28
5/29/20 20:57,0.29
5/29/20 20:58,0.3
5/29/20 20:59,0.31
5/29/20 21:48,0.32
5/29/20 21:56,0.33
6/2/20 16:14,0.06
6/2/20 21:34,0.07
6/2/20 21:47,0.08
6/2/20 22:34,0.09
6/3/20 0:16,0.1
6/4/20 3:34,0.11
6/6/20 3:43,0.12
6/6/20 18:34,0.13
6/6/20 18:52,0.14
6/6/20 19:59,0.15
6/6/20 20:21,0.16
6/6/20 21:49,0.17
6/6/20 21:56,0.18
6/6/20 21:58,0.19
6/6/20 21:59,0.2
6/6/20 22:00,0.21
6/6/20 22:02,0.22
6/6/20 22:03,0.23
6/6/20 22:11,0.24
6/6/20 22:16,0.25
6/6/20 22:36,0.26
6/6/20 22:42,0.27
6/6/20 22:46,0.28
6/6/20 23:01,0.29
6/6/20 23:05,0.3
6/6/20 23:07,0.31
6/6/20 23:09,0.32
6/6/20 23:12,0.33
6/6/20 23:14,0.34
6/6/20 23:16,0.35
6/6/20 23:21,0.36
6/6/20 23:31,0.37
6/9/20 8:44,0.38
6/9/20 10:32,0.39
6/11/20 3:36,0.4
6/11/20 4:53,0.41
6/11/20 8:09,0.42
6/11/20 8:14,0.43
6/11/20 8:23,0.44
6/24/20 6:46,0.45
6/24/20 6:53,0.46
6/24/20 7:01,0.47
6/24/20 7:07,0.48
6/24/20 7:10,0.49
6/24/20 7:16,0.5
6/24/20 7:19,0.51
6/24/20 7:21,0.52
6/24/20 7:25,0.53
6/24/20 7:30,0.54
6/24/20 7:33,0.55
6/24/20 7:36,0.56
6/24/20 7:38,0.57
6/24/20 7:42,0.58
6/24/20 7:46,0.59
6/24/20 7:57,0.6
6/27/20 20:50,0.61
6/27/20 20:54,0.62
6/27/20 21:02,0.63
6/27/20 21:08,0.64
6/27/20 21:13,0.65
6/27/20 21:32,0.66
6/28/20 17:02,0.67
6/29/20 14:39,0.68
6/29/20 15:08,0.69
6/29/20 15:12,0.7
6/29/20 15:15,0.71
6/29/20 15:19,0.72
6/29/20 15:22,0.73
6/29/20 15:25,0.74
6/29/20 15:26,0.75
6/29/20 15:27,0.76
6/29/20 15:28,0.77
6/29/20 15:29,0.78
6/29/20 15:32,0.79
6/29/20 15:33,0.8
6/29/20 15:38,0.81
6/29/20 15:40,0.82
6/29/20 15:41,0.83
6/29/20 15:43,0.84
6/29/20 15:43,0.85
6/29/20 15:45,0.86
6/29/20 15:45,0.87
6/29/20 15:45,0.88
6/29/20 15:45,0.89
6/29/20 15:45,0.9
6/29/20 15:46,0.91
6/29/20 15:46,0.92
6/29/20 15:46,0.93
6/29/20 15:46,0.94
6/29/20 15:46,0.95
6/29/20 15:47,0.96
6/29/20 15:47,0.97
6/29/20 15:47,0.98
6/29/20 15:47,0.99
6/29/20 15:48,1
6/29/20 15:49,1.01
6/29/20 17:06,1.02
6/29/20 20:26,1.03
6/29/20 20:28,1.04
6/29/20 20:29,1.05
6/29/20 20:32,1.06
6/29/20 20:34,1.07
6/29/20 20:37,1.08
6/29/20 20:41,1.09
6/29/20 20:44,1.1
6/29/20 20:46,1.11
6/29/20 20:53,1.12
6/29/20 21:41,1.13
6/29/20 21:43,1.14
6/29/20 21:47,1.15
6/29/20 21:48,1.16
6/29/20 21:49,1.17
6/29/20 21:50,1.18
6/29/20 21:50,1.19
6/29/20 21:51,1.2
6/29/20 21:51,1.21
6/29/20 21:53,1.22
6/29/20 21:54,1.23
6/29/20 23:04,1.24
6/30/20 6:26,1.25
6/30/20 15:21,1.26
6/30/20 17:23,1.27
6/30/20 17:29,1.28
6/30/20 17:38,1.29
6/30/20 18:08,1.3
6/30/20 18:20,1.31
6/30/20 18:33,1.32
6/30/20 18:37,1.33
6/30/20 18:59,1.34
6/30/20 19:08,1.35
6/30/20 19:14,1.36
6/30/20 19:20,1.37
7/5/20 17:33,1.38
7/5/20 17:34,1.39
7/5/20 17:35,1.4
7/5/20 17:35,1.41
7/5/20 17:35,1.42
7/5/20 17:36,1.43
7/5/20 17:36,1.44
7/5/20 17:37,1.45
7/5/20 17:37,1.46
7/5/20 17:38,1.47
7/5/20 17:40,1.48
7/5/20 20:53,1.49
7/10/20 15:30,1.5
7/11/20 7:35,1.51
7/11/20 7:41,1.52
7/11/20 7:43,1.53
7/11/20 7:45,1.54
7/11/20 7:46,1.55
7/11/20 7:48,1.56
7/11/20 7:50,1.57
7/11/20 7:51,1.58
7/11/20 7:54,1.59
7/11/20 7:56,1.6
7/11/20 8:01,1.61
7/11/20 8:04,1.62
7/11/20 8:09,1.63
7/11/20 8:20,1.64
7/11/20 8:34,1.65
7/11/20 8:40,1.66
7/11/20 8:43,1.67
7/11/20 8:50,1.68
7/11/20 8:54,1.69
7/11/20 8:56,1.7
7/11/20 9:03,1.71
7/11/20 13:50,1.72
7/11/20 13:52,1.73
7/11/20 13:54,1.74
7/11/20 13:57,1.75
7/11/20 13:59,1.76
7/11/20 14:00,1.77
7/11/20 14:00,1.78
7/11/20 14:01,1.79
7/11/20 14:01,1.8
7/11/20 14:01,1.81
7/11/20 14:02,1.82
7/11/20 14:03,1.83
7/11/20 14:03,1.84
7/12/20 3:42,1.85
7/12/20 3:47,1.86
7/12/20 3:49,1.87
7/12/20 3:50,1.88
7/12/20 3:51,1.89
7/12/20 3:52,1.9
7/12/20 3:53,1.91
7/12/20 3:54,1.92
7/12/20 3:57,1.93
7/12/20 3:58,1.94
7/12/20 3:59,1.95
7/12/20 3:59,1.96
7/12/20 4:00,1.97
7/12/20 4:01,1.98
7/12/20 4:05,1.99
7/12/20 4:08,2
7/12/20 4:20,2.01
7/12/20 4:23,2.02
7/12/20 4:26,2.03
7/12/20 4:27,2.04
7/12/20 4:29,2.05
7/12/20 4:30,2.06
7/12/20 4:32,2.07
7/12/20 4:34,2.08
7/12/20 4:36,2.09
7/12/20 4:40,2.1
7/12/20 4:42,2.11
7/12/20 4:44,2.12
7/12/20 4:49,2.13
7/12/20 5:17,2.14
7/12/20 6:19,2.15
7/12/20 6:23,2.16
7/12/20 6:26,2.17
7/12/20 6:32,2.18
7/13/20 13:14,2.19
7/13/20 13:18,2.2
7/13/20 13:24,2.21
7/14/20 6:54,2.22
7/14/20 6:59,2.23
7/14/20 7:00,2.24
7/14/20 7:03,2.25
7/14/20 7:05,2.26
7/14/20 7:06,2.27
7/14/20 7:08,2.28
7/14/20 7:10,2.29
7/14/20 7:10,2.3
7/14/20 7:11,2.31
7/14/20 7:11,2.32
7/14/20 7:12,2.33
7/14/20 7:12,2.34
7/14/20 7:13,2.35
7/14/20 7:14,2.36
7/14/20 7:15,2.37
7/14/20 7:19,2.38
7/14/20 7:20,2.39
7/14/20 7:24,2.4
7/14/20 7:27,2.41
7/14/20 7:36,2.42
7/14/20 7:39,2.43
7/14/20 7:40,2.44
7/14/20 7:41,2.45
7/14/20 7:42,2.46
7/14/20 7:43,2.47
7/14/20 7:44,2.48
7/14/20 7:46,2.49
7/14/20 7:49,2.5
7/14/20 7:52,2.51
7/14/20 7:58,2.52
7/16/20 22:00,2.53
7/16/20 23:20,2.54
7/17/20 3:46,2.55
7/17/20 3:47,2.56
7/17/20 3:48,2.57
7/17/20 3:50,2.58
7/17/20 3:51,2.59
7/17/20 3:52,2.6
7/17/20 3:53,2.61
7/17/20 3:53,2.62
7/17/20 3:53,2.63
7/17/20 3:54,2.64
7/17/20 3:58,2.65
7/17/20 4:01,2.66
7/17/20 4:02,2.67
7/17/20 4:16,2.68
7/17/20 4:17,2.69
7/17/20 4:18,2.7
7/17/20 4:20,2.71
7/17/20 4:23,2.72
7/17/20 4:25,2.73
7/17/20 4:27,2.74
7/17/20 4:28,2.75
7/17/20 4:28,2.76
7/17/20 4:28,2.77
7/17/20 4:29,2.78
7/17/20 4:30,2.79
7/17/20 4:39,2.8
7/17/20 5:08,2.81
7/17/20 5:09,2.82
7/17/20 5:19,2.83
7/19/20 20:47,2.84
7/19/20 20:48,2.85
7/19/20 20:48,2.86
7/19/20 20:48,2.87
7/19/20 20:49,2.88
7/19/20 20:49,2.89
7/19/20 20:49,2.9
7/19/20 20:50,2.91
7/19/20 20:50,2.92
7/19/20 20:51,2.93
7/19/20 20:53,2.94
7/19/20 20:55,2.95
7/19/20 20:57,2.96
7/19/20 21:00,2.97
7/19/20 21:04,2.98
7/22/20 16:12,2.99
7/23/20 2:58,3
7/23/20 4:46,3.01
7/23/20 4:49,3.02
7/23/20 4:51,3.03
7/23/20 4:58,3.04
7/23/20 8:57,3.05
7/23/20 8:58,3.06
7/23/20 8:59,3.07
7/23/20 9:04,3.08
7/23/20 9:09,3.09
7/23/20 9:15,3.1
7/28/20 7:01,3.11
7/30/20 11:30,3.12
7/30/20 11:31,3.13
7/30/20 11:31,3.14
7/30/20 11:31,3.15
7/30/20 11:31,3.16
7/30/20 11:32,3.17
7/30/20 11:32,3.18
7/30/20 11:32,3.19
7/30/20 11:32,3.2
7/30/20 11:33,3.21
7/30/20 11:34,3.22
7/30/20 11:34,3.23
7/30/20 11:37,3.24
7/30/20 11:38,3.25
7/30/20 11:39,3.26
7/30/20 11:39,3.27
7/30/20 11:40,3.28
7/30/20 11:41,3.29
7/30/20 11:42,3.3
8/2/20 23:50,3.31
8/2/20 23:51,3.32
8/4/20 5:40,3.33
8/4/20 5:53,3.34
8/4/20 6:28,3.35
8/4/20 6:34,3.36
8/4/20 6:45,3.37
8/4/20 6:53,3.38
8/4/20 6:57,3.39
8/4/20 6:59,3.4
8/4/20 7:03,3.41
8/4/20 7:05,3.42
8/4/20 7:08,3.43
8/4/20 7:10,3.44
8/4/20 7:11,3.45
8/4/20 7:13,3.46
8/4/20 7:17,3.47
8/4/20 7:25,3.48
8/4/20 7:29,3.49
8/4/20 7:33,3.5
8/4/20 7:42,3.51
8/4/20 7:49,3.52
8/4/20 7:59,3.53
8/4/20 8:03,3.54
8/4/20 8:37,3.55
8/4/20 9:20,3.56
8/4/20 9:51,3.57
8/4/20 10:08,3.58
8/4/20 10:33,3.59
8/4/20 10:41,3.6
8/4/20 11:13,3.61
8/4/20 11:32,3.62
8/4/20 11:50,3.63
8/4/20 12:00,3.64
8/4/20 12:10,3.65
8/4/20 12:13,3.66
8/4/20 12:18,3.67
8/4/20 12:31,3.68
8/4/20 12:40,3.69
8/4/20 12:43,3.7
8/4/20 12:50,3.71
8/4/20 12:59,3.72
8/4/20 13:13,3.73
8/4/20 13:17,3.74
8/4/20 13:19,3.75
8/4/20 13:20,3.76
8/4/20 13:22,3.77
8/4/20 13:25,3.78
8/4/20 13:28,3.79
8/4/20 13:43,3.8
8/4/20 13:52,3.81
8/4/20 13:59,3.82
8/4/20 14:11,3.83
8/4/20 14:17,3.84
8/4/20 14:20,3.85
8/4/20 14:23,3.86
8/4/20 14:26,3.87
8/4/20 14:30,3.88
8/4/20 14:40,3.89
8/4/20 14:51,3.9
8/4/20 14:57,3.91
8/4/20 15:03,3.92
8/4/20 15:14,3.93
8/4/20 15:27,3.94
8/4/20 15:39,3.95
8/4/20 15:43,3.96
8/4/20 15:49,3.97
8/4/20 15:55,3.98
8/4/20 16:03,3.99
8/4/20 16:08,4
8/4/20 16:14,4.01
8/4/20 16:17,4.02
8/4/20 16:20,4.03
8/4/20 16:22,4.04
8/4/20 16:26,4.05
8/4/20 16:31,4.06
8/4/20 16:37,4.07
8/4/20 16:41,4.08
8/4/20 16:45,4.09
8/4/20 16:49,4.1
8/4/20 16:51,4.11
8/4/20 16:53,4.12
8/4/20 16:55,4.13
8/4/20 16:57,4.14
8/4/20 16:59,4.15
8/4/20 17:01,4.16
8/4/20 17:03,4.17
8/4/20 17:05,4.18
8/4/20 17:07,4.19
8/4/20 17:09,4.2
8/4/20 17:11,4.21
8/4/20 17:13,4.22
8/4/20 17:15,4.23
8/4/20 17:18,4.24
8/4/20 17:21,4.25
8/4/20 17:23,4.26
8/4/20 17:24,4.27
8/4/20 17:25,4.28
8/4/20 17:27,4.29
8/4/20 17:28,4.3
8/4/20 17:29,4.31
8/4/20 17:30,4.32
8/4/20 17:31,4.33
8/4/20 17:32,4.34
8/4/20 17:34,4.35
8/4/20 17:35,4.36
8/4/20 17:37,4.37
8/4/20 17:38,4.38
8/4/20 17:38,4.39
8/4/20 17:39,4.4
8/4/20 17:40,4.41
8/4/20 17:41,4.42
8/4/20 17:41,4.43
8/4/20 17:42,4.44
8/4/20 17:43,4.45
8/4/20 17:44,4.46
8/4/20 17:45,4.47
8/4/20 17:45,4.48
8/4/20 17:46,4.49
8/4/20 17:47,4.5
8/4/20 17:48,4.51
8/4/20 17:49,4.52
8/4/20 17:50,4.53
8/4/20 17:50,4.54
8/4/20 17:51,4.55
8/4/20 17:52,4.56
8/4/20 17:53,4.57
8/4/20 17:53,4.58
8/4/20 17:54,4.59
8/4/20 17:55,4.6
8/4/20 17:56,4.61
8/4/20 17:57,4.62
8/4/20 17:58,4.63
8/4/20 17:59,4.64
8/4/20 18:00,4.65
8/4/20 18:01,4.66
8/4/20 18:03,4.67
8/4/20 18:04,4.68
8/4/20 18:05,4.69
8/4/20 18:06,4.7
8/4/20 18:07,4.71
8/4/20 18:08,4.72
8/4/20 18:10,4.73
8/4/20 18:11,4.74
8/4/20 18:12,4.75
8/4/20 18:14,4.76
8/4/20 18:15,4.77
8/4/20 18:17,4.78
8/4/20 18:19,4.79
8/4/20 18:21,4.8
8/4/20 18:23,4.81
8/4/20 18:25,4.82
8/4/20 18:27,4.83
8/4/20 18:29,4.84
8/4/20 18:32,4.85
8/4/20 18:33,4.86
8/4/20 18:36,4.87
8/4/20 18:41,4.88
8/4/20 18:44,4.89
8/4/20 18:46,4.9
8/4/20 18:47,4.91
8/4/20 18:49,4.92
8/4/20 18:50,4.93
8/4/20 18:52,4.94
8/4/20 18:54,4.95
8/4/20 18:55,4.96
8/4/20 18:57,4.97
8/4/20 18:58,4.98
8/4/20 19:00,4.99
8/4/20 19:01,5
8/4/20 19:03,5.01
8/4/20 19:04,5.02
8/4/20 19:05,5.03
8/4/20 19:07,5.04
8/4/20 19:08,5.05
8/4/20 19:09,5.06
8/4/20 19:11,5.07
8/4/20 19:12,5.08
8/4/20 19:13,5.09
8/4/20 19:13,5.1
8/4/20 19:14,5.11
8/4/20 19:15,5.12
8/4/20 19:16,5.13
8/4/20 19:17,5.14
8/4/20 19:18,5.15
8/4/20 19:19,5.16
8/4/20 19:19,5.17
8/4/20 19:20,5.18
8/4/20 19:21,5.19
8/4/20 19:22,5.2
8/4/20 19:23,5.21
8/4/20 19:24,5.22
8/4/20 19:25,5.23
8/4/20 19:26,5.24
8/4/20 19:27,5.25
8/4/20 19:28,5.26
8/4/20 19:30,5.27
8/4/20 19:31,5.28
8/4/20 19:32,5.29
8/4/20 19:33,5.3
8/4/20 19:34,5.31
8/4/20 19:35,5.32
8/4/20 19:36,5.33
8/4/20 19:37,5.34
8/4/20 19:37,5.35
8/4/20 19:38,5.36
8/4/20 19:39,5.37
8/4/20 19:39,5.38
8/4/20 19:40,5.39
8/4/20 19:41,5.4
8/4/20 19:42,5.41
8/4/20 19:42,5.42
8/4/20 19:43,5.43
8/4/20 19:44,5.44
8/4/20 19:45,5.45
8/4/20 19:46,5.46
8/4/20 19:46,5.47
8/4/20 19:47,5.48
8/4/20 19:48,5.49
8/4/20 19:49,5.5
8/4/20 19:50,5.51
8/4/20 19:51,5.52
8/4/20 19:52,5.53
8/4/20 19:52,5.54
8/4/20 19:53,5.55
8/4/20 19:54,5.56
8/4/20 19:55,5.57
8/4/20 19:55,5.58
8/4/20 19:56,5.59
8/4/20 19:57,5.6
8/4/20 19:57,5.61
8/4/20 19:58,5.62
8/4/20 19:58,5.63
8/4/20 19:58,5.64
8/4/20 19:59,5.65
8/4/20 20:00,5.66
8/4/20 20:02,5.67
8/4/20 20:03,5.68
8/4/20 20:05,5.69
8/4/20 20:07,5.7
8/4/20 20:09,5.71
8/4/20 20:11,5.72
8/4/20 20:11,5.73
8/4/20 20:12,5.74
8/4/20 20:13,5.75
8/4/20 20:14,5.76
8/4/20 20:14,5.77
8/4/20 20:15,5.78
8/4/20 20:15,5.79
8/4/20 20:16,5.8
8/4/20 20:16,5.81
8/4/20 20:18,5.82
8/4/20 20:21,5.83
8/4/20 20:23,5.84
8/4/20 20:27,5.85
8/4/20 20:30,5.86
8/4/20 20:36,5.87
8/4/20 20:45,5.88
8/9/20 18:07,5.89
8/9/20 18:23,5.9
8/9/20 18:45,5.91
8/9/20 18:52,5.92
8/9/20 23:25,5.93
8/10/20 0:20,5.94
8/10/20 2:17,5.95
8/10/20 2:25,5.96
8/10/20 3:48,5.97
8/11/20 21:01,5.98
8/11/20 21:04,5.99
8/17/20 13:50,6
8/17/20 13:52,6.01
8/17/20 13:54,6.02
8/17/20 13:55,6.03
8/17/20 13:56,6.04
8/17/20 14:02,6.05
8/17/20 14:04,6.06
8/17/20 14:05,6.07
8/17/20 14:05,6.08
8/17/20 14:06,6.09
8/17/20 14:06,6.1
8/17/20 14:06,6.11
8/17/20 14:07,6.12
8/17/20 14:07,6.13
8/17/20 14:07,6.14
8/17/20 14:08,6.15
8/17/20 14:08,6.16
8/17/20 14:08,6.17
8/17/20 14:09,6.18
8/17/20 14:09,6.19
8/17/20 14:10,6.2
8/17/20 14:10,6.21
8/17/20 14:11,6.22
8/17/20 14:11,6.23
8/17/20 14:11,6.24
8/17/20 14:11,6.25
8/17/20 14:12,6.26
8/17/20 14:12,6.27
8/17/20 14:12,6.28
8/17/20 14:12,6.29
8/17/20 14:13,6.3
8/17/20 14:13,6.31
8/17/20 14:13,6.32
8/17/20 14:13,6.33
8/17/20 14:14,6.34
8/17/20 14:14,6.35
8/17/20 14:14,6.36
8/17/20 14:14,6.37
8/17/20 14:15,6.38
8/17/20 14:15,6.39
8/17/20 14:16,6.4
8/17/20 14:21,6.41
8/17/20 20:44,6.42
8/17/20 20:45,6.43
8/17/20 20:48,6.44
8/17/20 20:51,6.45
8/17/20 20:52,6.46
8/17/20 20:53,6.47
8/17/20 20:56,6.48
8/17/20 23:47,6.49
8/17/20 23:50,6.5
8/17/20 23:54,6.51
8/17/20 23:54,6.52
8/17/20 23:55,6.53
8/17/20 23:55,6.54
8/18/20 0:17,6.55
8/18/20 15:08,6.56
8/18/20 15:09,6.57
8/18/20 15:09,6.58
8/18/20 15:10,6.59
8/18/20 15:11,6.6
8/18/20 15:11,6.61
8/18/20 15:12,6.62
8/18/20 15:13,6.63
8/18/20 15:15,6.64
8/18/20 15:18,6.65
8/21/20 13:57,6.66
8/21/20 13:58,6.67
8/21/20 13:58,6.68
8/21/20 13:58,6.69
8/21/20 13:59,6.7
8/21/20 14:00,6.71
8/21/20 14:01,6.72
8/21/20 14:02,6.73
8/21/20 14:03,6.74
8/21/20 14:03,6.75
8/21/20 14:04,6.76
8/21/20 14:04,6.77
8/21/20 14:05,6.78
8/21/20 14:09,6.79
8/21/20 14:14,6.8
8/21/20 23:49,6.81
8/21/20 23:57,6.82
8/24/20 15:12,0.22
8/24/20 15:13,0.23
8/24/20 15:14,0.24
8/24/20 15:14,0.25
8/24/20 15:14,0.26
8/24/20 15:15,0.27
8/24/20 15:15,0.28
8/24/20 15:15,0.29
8/24/20 15:16,0.3
8/24/20 15:16,0.31
8/24/20 15:16,0.32
8/24/20 15:17,0.33
8/24/20 15:17,0.34
8/24/20 15:18,0.35
8/24/20 15:25,0.36
8/24/20 15:31,0.37
8/24/20 15:36,0.38
8/24/20 17:37,0.39
8/24/20 17:41,0.4
8/24/20 17:44,0.41
8/24/20 17:46,0.42
8/24/20 17:47,0.43
8/24/20 17:51,0.44
8/24/20 17:52,0.45
8/24/20 17:54,0.46
8/24/20 17:57,0.47
8/25/20 12:52,0.48
8/25/20 12:53,0.49
8/25/20 12:53,0.5
8/25/20 12:54,0.51
8/25/20 12:54,0.52
8/25/20 12:54,0.53
8/25/20 12:55,0.54
8/25/20 12:55,0.55
8/25/20 12:55,0.56
8/25/20 12:55,0.57
8/25/20 12:56,0.58
8/25/20 12:56,0.59
8/25/20 12:57,0.6
8/25/20 12:57,0.61
8/25/20 12:58,0.62
8/25/20 12:58,0.63
8/25/20 13:00,0.64
8/27/20 10:51,0.65
8/27/20 11:00,0.66
8/27/20 11:05,0.67
8/27/20 11:12,0.68
8/27/20 11:31,0.69
8/29/20 5:21,0.7
8/29/20 5:25,0.71
8/29/20 5:27,0.72
8/29/20 5:30,0.73
8/29/20 5:34,0.74
8/29/20 5:38,0.75
8/29/20 5:42,0.76
8/29/20 5:44,0.77
8/29/20 5:45,0.78
8/29/20 5:47,0.79
8/29/20 5:51,0.8
8/29/20 5:53,0.81
8/29/20 5:54,0.82
8/29/20 5:55,0.83
8/29/20 5:56,0.84
8/29/20 5:56,0.85
8/29/20 5:57,0.86
8/29/20 5:58,0.87
8/29/20 5:58,0.88
8/29/20 5:59,0.89
8/29/20 5:59,0.9
8/29/20 5:59,0.91
8/29/20 5:59,0.92
8/29/20 6:00,0.93
8/29/20 6:00,0.94
8/29/20 6:01,0.95
8/29/20 6:01,0.96
8/29/20 6:03,0.97
8/29/20 6:05,0.98
8/29/20 6:06,0.99
8/29/20 6:08,1
8/29/20 6:12,1.01
8/29/20 6:20,1.02
8/29/20 6:27,1.03
8/29/20 6:35,1.04
8/29/20 6:38,1.05
8/29/20 6:45,1.06
8/29/20 7:04,1.07
8/29/20 12:46,1.08
8/29/20 12:58,1.09
8/29/20 13:18,1.1
8/29/20 13:23,1.11
8/29/20 13:25,1.12
8/29/20 13:28,1.13
8/29/20 13:30,1.14
8/29/20 13:33,1.15
8/29/20 13:37,1.16
8/29/20 13:41,1.17
8/29/20 13:45,1.18
8/29/20 13:52,1.19
8/29/20 18:25,1.2
8/29/20 18:28,1.21
8/29/20 18:31,1.22
8/29/20 18:31,1.23
8/29/20 18:32,1.24
8/29/20 18:32,1.25
8/29/20 18:33,1.26
8/29/20 18:33,1.27
8/29/20 18:34,1.28
9/2/20 7:27,1.29
9/2/20 8:10,1.3
9/2/20 8:19,1.31
9/2/20 8:28,1.32
9/2/20 9:25,1.33
9/2/20 19:47,1.34
9/2/20 19:49,1.35
9/2/20 19:51,1.36
9/2/20 20:02,1.37
9/2/20 20:38,1.38
9/2/20 20:40,1.39
9/2/20 20:47,1.4
9/2/20 23:41,1.41
9/13/20 15:43,1.42
9/13/20 15:54,1.43
9/13/20 16:21,1.44
9/26/20 17:39,1.45
9/28/20 10:26,1.46
9/28/20 12:06,1.47
9/28/20 12:15,1.48
9/28/20 12:21,1.49
9/28/20 12:27,1.5
9/28/20 13:49,1.51
9/28/20 13:49,1.52
9/28/20 13:51,1.53
9/28/20 13:52,1.54
9/28/20 13:53,1.55
9/28/20 14:01,1.56
9/28/20 14:04,1.57
9/29/20 17:00,1.58
9/29/20 17:51,1.59
9/29/20 17:53,1.6
9/29/20 22:49,1.61
9/29/20 23:02,1.62
9/29/20 23:09,1.63
9/29/20 23:11,1.64
9/29/20 23:13,1.65
9/29/20 23:14,1.66
9/29/20 23:16,1.67
9/29/20 23:18,1.68
9/29/20 23:18,1.69
9/29/20 23:19,1.7
9/29/20 23:20,1.71
9/29/20 23:21,1.72
9/29/20 23:23,1.73
9/29/20 23:24,1.74
9/29/20 23:26,1.75
9/29/20 23:27,1.76
9/29/20 23:29,1.77
9/29/20 23:31,1.78
9/29/20 23:32,1.79
9/29/20 23:33,1.8
9/29/20 23:35,1.81
9/29/20 23:37,1.82
9/29/20 23:40,1.83
9/29/20 23:42,1.84
9/29/20 23:44,1.85
9/29/20 23:47,1.86
9/29/20 23:49,1.87
9/29/20 23:51,1.88
9/29/20 23:53,1.89
9/29/20 23:57,1.9
9/30/20 0:02,1.91
9/30/20 0:03,1.92
9/30/20 0:04,1.93
9/30/20 0:04,1.94
9/30/20 0:05,1.95
9/30/20 0:06,1.96
9/30/20 0:06,1.97
9/30/20 0:07,1.98
9/30/20 0:08,1.99
9/30/20 0:09,2
9/30/20 0:11,2.01
9/30/20 0:13,2.02
9/30/20 0:17,2.03
9/30/20 0:21,2.04
9/30/20 0:25,2.05
9/30/20 0:27,2.06
9/30/20 0:29,2.07
9/30/20 0:30,2.08
9/30/20 0:31,2.09
9/30/20 0:31,2.1
9/30/20 0:33,2.11
9/30/20 0:35,2.12
9/30/20 0:39,2.13
9/30/20 0:41,2.14
9/30/20 0:45,2.15
9/30/20 0:48,2.16
9/30/20 0:51,2.17
9/30/20 0:52,2.18
9/30/20 0:54,2.19
9/30/20 0:54,2.2
9/30/20 0:56,2.21
9/30/20 0:58,2.22
9/30/20 1:00,2.23
9/30/20 1:01,2.24
9/30/20 1:03,2.25
9/30/20 1:06,2.26
9/30/20 1:07,2.27
9/30/20 1:08,2.28
9/30/20 1:09,2.29
9/30/20 1:10,2.3
9/30/20 1:11,2.31
9/30/20 1:13,2.32
9/30/20 1:14,2.33
9/30/20 1:15,2.34
9/30/20 1:17,2.35
9/30/20 1:18,2.36
9/30/20 1:19,2.37
9/30/20 1:20,2.38
9/30/20 1:21,2.39
9/30/20 1:22,2.4
9/30/20 1:23,2.41
9/30/20 1:24,2.42
9/30/20 1:24,2.43
9/30/20 1:25,2.44
9/30/20 1:26,2.45
9/30/20 1:27,2.46
9/30/20 1:29,2.47
9/30/20 1:30,2.48
9/30/20 1:32,2.49
9/30/20 1:34,2.5
9/30/20 1:36,2.51
9/30/20 1:37,2.52
9/30/20 1:41,2.53
9/30/20 1:45,2.54
9/30/20 1:48,2.55
9/30/20 1:52,2.56
9/30/20 1:55,2.57
9/30/20 1:57,2.58
9/30/20 2:01,2.59
9/30/20 2:03,2.6
9/30/20 2:07,2.61
9/30/20 2:10,2.62
9/30/20 2:12,2.63
9/30/20 2:14,2.64
9/30/20 2:16,2.65
9/30/20 2:18,2.66
9/30/20 2:19,2.67
9/30/20 2:20,2.68
9/30/20 2:22,2.69
9/30/20 2:23,2.7
9/30/20 2:25,2.71
9/30/20 2:26,2.72
9/30/20 2:28,2.73
9/30/20 2:29,2.74
9/30/20 2:32,2.75
9/30/20 2:35,2.76
9/30/20 2:38,2.77
9/30/20 2:40,2.78
9/30/20 2:42,2.79
9/30/20 2:45,2.8
9/30/20 2:48,2.81
9/30/20 2:51,2.82
9/30/20 2:53,2.83
9/30/20 2:55,2.84
9/30/20 2:56,2.85
9/30/20 2:58,2.86
9/30/20 2:59,2.87
9/30/20 3:00,2.88
9/30/20 3:01,2.89
9/30/20 3:02,2.9
9/30/20 3:03,2.91
9/30/20 3:04,2.92
9/30/20 3:06,2.93
9/30/20 3:09,2.94
9/30/20 3:11,2.95
9/30/20 3:12,2.96
9/30/20 3:14,2.97
9/30/20 3:16,2.98
9/30/20 3:17,2.99
9/30/20 3:19,3
9/30/20 3:22,3.01
9/30/20 3:23,3.02
9/30/20 3:26,3.03
9/30/20 3:28,3.04
9/30/20 3:32,3.05
9/30/20 3:33,3.06
9/30/20 3:34,3.07
9/30/20 3:36,3.08
9/30/20 3:37,3.09
9/30/20 3:39,3.1
9/30/20 3:41,3.11
9/30/20 3:42,3.12
9/30/20 3:43,3.13
9/30/20 3:43,3.14
9/30/20 3:44,3.15
9/30/20 3:45,3.16
9/30/20 3:46,3.17
9/30/20 3:48,3.18
9/30/20 3:51,3.19
9/30/20 3:54,3.2
9/30/20 3:56,3.21
9/30/20 3:59,3.22
9/30/20 4:02,3.23
9/30/20 4:05,3.24
9/30/20 4:08,3.25
9/30/20 4:09,3.26
9/30/20 4:11,3.27
9/30/20 4:14,3.28
9/30/20 4:19,3.29
9/30/20 4:23,3.3
9/30/20 4:25,3.31
9/30/20 4:27,3.32
9/30/20 4:34,3.33
9/30/20 4:40,3.34
9/30/20 4:44,3.35
9/30/20 4:47,3.36
9/30/20 4:50,3.37
9/30/20 4:52,3.38
9/30/20 4:55,3.39
9/30/20 4:56,3.4
9/30/20 4:58,3.41
9/30/20 4:59,3.42
9/30/20 5:01,3.43
9/30/20 5:03,3.44
9/30/20 5:06,3.45
9/30/20 5:09,3.46
9/30/20 5:13,3.47
9/30/20 5:19,3.48
9/30/20 5:26,3.49
9/30/20 5:30,3.5
9/30/20 5:36,3.51
9/30/20 5:40,3.52
9/30/20 5:46,3.53
9/30/20 5:56,3.54
9/30/20 6:07,3.55
9/30/20 6:11,3.56
9/30/20 6:15,3.57
9/30/20 6:18,3.58
9/30/20 6:23,3.59
9/30/20 6:28,3.6
9/30/20 6:35,3.61
9/30/20 6:42,3.62
9/30/20 6:52,3.63
9/30/20 7:27,3.64
9/30/20 8:09,3.65
9/30/20 8:26,3.66
9/30/20 9:27,3.67
10/1/20 16:41,3.67
11/30/20 13:07,7.37
11/30/20 13:19,7.38
11/30/20 13:30,7.39
11/30/20 13:35,7.4
11/30/20 13:40,7.41
11/30/20 13:44,7.42
11/30/20 13:49,7.43
11/30/20 13:53,7.44
11/30/20 13:58,7.45
11/30/20 14:02,7.46
11/30/20 14:09,7.47
11/30/20 14:15,7.48
11/30/20 14:21,7.49
11/30/20 14:26,7.5
11/30/20 14:31,7.51
11/30/20 14:35,7.52
11/30/20 14:40,7.53
11/30/20 14:43,7.54
11/30/20 14:47,7.55
11/30/20 14:50,7.56
11/30/20 14:52,7.57
11/30/20 14:57,7.58
11/30/20 15:01,7.59
11/30/20 15:04,7.6
11/30/20 15:08,7.61
11/30/20 15:13,7.62
11/30/20 15:19,7.63
11/30/20 15:25,7.64
11/30/20 15:34,7.65
11/30/20 15:42,7.66
11/30/20 15:47,7.67
11/30/20 15:50,7.68
11/30/20 15:55,7.69
11/30/20 16:03,7.7
11/30/20 16:16,7.71
11/30/20 16:33,7.72
11/30/20 16:43,7.73
11/30/20 16:48,7.74
11/30/20 17:11,7.75
11/30/20 17:24,7.76
11/30/20 17:30,7.77
11/30/20 17:33,7.78
11/30/20 17:36,7.79
11/30/20 17:38,7.8
11/30/20 17:41,7.81
11/30/20 17:44,7.82
11/30/20 17:47,7.83
11/30/20 17:49,7.84
11/30/20 17:51,7.85
11/30/20 17:53,7.86
11/30/20 17:57,7.87
11/30/20 17:59,7.88
11/30/20 18:03,7.89
11/30/20 18:06,7.9
11/30/20 18:20,7.91
11/30/20 20:15,7.92
11/30/20 20:24,7.93
11/30/20 20:29,7.94
11/30/20 20:33,7.95
11/30/20 20:37,7.96
11/30/20 20:43,7.97
11/30/20 20:46,7.98
11/30/20 20:51,7.99
11/30/20 20:56,8
11/30/20 21:04,8.01
11/30/20 22:00,8.02
11/30/20 22:34,8.03
11/30/20 22:36,8.04
11/30/20 22:37,8.05
11/30/20 22:39,8.06
11/30/20 22:40,8.07
11/30/20 22:41,8.08
11/30/20 22:42,8.09
11/30/20 22:43,8.1
11/30/20 22:44,8.11
11/30/20 22:45,8.12
11/30/20 22:46,8.13
11/30/20 22:47,8.14
11/30/20 22:47,8.15
11/30/20 22:48,8.16
11/30/20 22:49,8.17
11/30/20 22:49,8.18
11/30/20 22:50,8.19
11/30/20 22:50,8.2
11/30/20 22:52,8.21
11/30/20 22:53,8.22
11/30/20 22:56,8.23
11/30/20 23:01,8.24
11/30/20 23:05,8.25
11/30/20 23:08,8.26
11/30/20 23:19,8.27
11/30/20 23:21,8.28
11/30/20 23:23,8.29
11/30/20 23:26,8.3
11/30/20 23:28,8.31
11/30/20 23:31,8.32
11/30/20 23:36,8.33
11/30/20 23:38,8.34
11/30/20 23:50,8.35
12/1/20 0:00,8.36
12/1/20 0:09,8.37
12/1/20 0:22,8.38
12/1/20 0:48,8.39
12/1/20 1:02,8.4
12/1/20 1:20,8.41
12/1/20 1:21,8.42
12/1/20 1:22,8.43
12/1/20 1:24,8.44
12/1/20 1:32,8.45
12/1/20 1:35,8.46
12/1/20 1:37,8.47
12/1/20 1:43,8.48
12/1/20 2:23,8.49
12/1/20 2:39,8.5
12/1/20 2:41,8.51
12/1/20 2:59,8.52
12/1/20 11:17,8.53
12/24/20 16:41,9.03
12/24/20 17:04,9.04
12/24/20 17:33,9.05
12/24/20 17:51,9.06
12/24/20 18:08,9.07
12/24/20 18:20,9.08
12/24/20 18:51,9.09
12/24/20 19:16,9.1
12/24/20 19:32,9.11
12/24/20 19:39,9.12
12/24/20 19:44,9.13
12/24/20 19:48,9.14
12/24/20 19:52,9.15
12/24/20 19:57,9.16
12/24/20 20:04,9.17
12/24/20 20:11,9.18
12/24/20 20:18,9.19
12/24/20 20:26,9.2
12/24/20 20:39,9.21
12/24/20 20:44,9.22
12/24/20 20:52,9.23
12/24/20 20:58,9.24
12/24/20 21:06,9.25
12/24/20 21:12,9.26
12/24/20 21:17,9.27
12/24/20 21:21,9.28
12/24/20 21:27,9.29
12/24/20 21:35,9.3
12/24/20 21:48,9.31
12/24/20 21:59,9.32
12/24/20 22:10,9.33
12/24/20 22:23,9.34
12/24/20 22:36,9.35
12/24/20 22:52,9.36
12/24/20 22:59,9.37
12/24/20 23:03,9.38
12/24/20 23:09,9.39
12/24/20 23:13,9.4
12/24/20 23:18,9.41
12/24/20 23:22,9.42
12/24/20 23:27,9.43
12/24/20 23:31,9.44
12/24/20 23:38,9.45
12/24/20 23:45,9.46
12/24/20 23:53,9.47
12/24/20 23:58,9.48
12/25/20 0:04,9.49
12/25/20 0:20,9.5
12/25/20 1:17,9.51
12/25/20 1:47,9.52
12/25/20 2:08,9.53
12/25/20 2:34,9.54
12/25/20 2:51,9.55
12/25/20 2:58,9.56
12/25/20 3:02,9.57
12/25/20 3:07,9.58
12/25/20 3:13,9.59
12/25/20 3:26,9.6
12/25/20 3:47,9.61
12/25/20 4:08,9.62
12/25/20 4:24,9.63
12/25/20 4:38,9.64
12/25/20 5:25,9.65
12/25/20 5:38,9.66
12/25/20 6:19,9.67
12/25/20 6:46,9.68
12/25/20 6:55,9.69
12/25/20 7:27,9.7
12/25/20 8:45,9.71
12/25/20 8:49,9.72
12/25/20 8:53,9.73
12/25/20 8:57,9.74
12/25/20 9:00,9.75
12/25/20 9:02,9.76
12/25/20 9:07,9.77
12/25/20 9:09,9.78
12/25/20 9:11,9.79
12/25/20 9:12,9.8
12/25/20 9:14,9.81
12/25/20 9:16,9.82
12/25/20 9:18,9.83
12/25/20 9:20,9.84
12/25/20 9:22,9.85
12/25/20 9:24,9.86
12/25/20 9:25,9.87
12/25/20 9:26,9.88
12/25/20 9:27,9.89
12/25/20 9:28,9.9
12/25/20 9:29,9.91
12/25/20 9:30,9.92
12/25/20 9:31,9.93
12/25/20 9:33,9.94
12/25/20 9:38,9.95
12/25/20 9:44,9.96
12/25/20 9:49,9.97
12/25/20 9:53,9.98
12/25/20 9:58,9.99
12/25/20 10:02,10
12/25/20 10:08,10.01
12/25/20 10:13,10.02
12/25/20 10:21,10.03
12/25/20 10:30,10.04
12/25/20 11:01,10.05
12/25/20 11:03,10.06
12/25/20 11:36,10.07
12/25/20 12:01,10.08
12/25/20 18:57,10.09
12/25/20 19:26,10.1
12/25/20 19:29,10.11
12/25/20 19:32,10.12
12/25/20 21:38,10.13
1/4/21 13:08,10.16
1/4/21 13:10,10.17
1/4/21 13:11,10.18
1/4/21 13:17,10.19
1/4/21 13:31,10.2
1/4/21 13:36,10.21
1/4/21 13:48,10.22
1/4/21 13:55,10.23
1/4/21 14:01,10.24
1/4/21 14:28,10.25
1/4/21 14:58,10.26
1/4/21 17:34,10.27
1/4/21 18:12,10.28
1/4/21 19:03,10.29
1/4/21 20:45,10.3
1/4/21 22:54,10.31
1/5/21 2:20,10.32
1/6/21 13:14,10.33
1/7/21 12:40,10.34
1/7/21 13:34,10.35
1/7/21 13:45,10.36
1/12/21 12:52,10.37
1/12/21 13:01,10.38
1/12/21 13:11,10.39
1/12/21 13:20,10.4
1/12/21 13:29,10.41
1/12/21 13:41,10.42
1/12/21 13:58,10.43
1/12/21 14:27,10.44
1/12/21 14:55,10.45
1/12/21 15:41,10.46
1/13/21 13:14,10.47
1/13/21 13:58,10.48
1/13/21 14:28,10.49
1/13/21 15:19,10.5
1/15/21 11:51,10.51
1/16/21 3:57,10.52
1/16/21 11:10,10.53
1/16/21 11:18,10.54
1/16/21 11:23,10.55
1/16/21 11:28,10.56
1/16/21 11:33,10.57
1/16/21 11:38,10.58
1/16/21 11:42,10.59
1/16/21 11:47,10.6
1/16/21 11:50,10.61
1/16/21 11:53,10.62
1/16/21 11:57,10.63
1/16/21 11:59,10.64
1/16/21 12:02,10.65
1/16/21 12:04,10.66
1/16/21 12:07,10.67
1/16/21 12:10,10.68
1/16/21 12:13,10.69
1/16/21 12:16,10.7
1/16/21 12:19,10.71
1/16/21 12:23,10.72
1/16/21 12:27,10.73
1/16/21 12:30,10.74
1/16/21 12:33,10.75
1/16/21 12:36,10.76
1/16/21 12:39,10.77
1/16/21 12:43,10.78
1/16/21 12:46,10.79
1/16/21 12:50,10.8
1/16/21 12:55,10.81
1/16/21 12:59,10.82
1/16/21 13:03,10.83
1/16/21 13:08,10.84
1/16/21 13:13,10.85
1/16/21 13:19,10.86
1/16/21 13:25,10.87
1/16/21 13:30,10.88
1/16/21 13:36,10.89
1/16/21 13:42,10.9
1/16/21 13:48,10.91
1/16/21 13:52,10.92
1/16/21 13:59,10.93
1/16/21 14:04,10.94
1/16/21 14:12,10.95
1/16/21 14:18,10.96
1/16/21 14:26,10.97
1/16/21 14:32,10.98
1/16/21 14:39,10.99
1/16/21 14:44,11
1/16/21 14:50,11.01
1/16/21 14:56,11.02
1/16/21 15:03,11.03
1/16/21 15:10,11.04
1/16/21 15:18,11.05
1/16/21 15:25,11.06
1/16/21 15:35,11.07
1/16/21 15:44,11.08
1/16/21 15:55,11.09
1/16/21 16:05,11.1
1/16/21 16:17,11.11
1/16/21 16:29,11.12
1/16/21 16:42,11.13
1/16/21 16:56,11.14
1/16/21 17:12,11.15
1/16/21 17:36,11.16
1/16/21 19:06,11.17
1/17/21 11:39,11.18
1/17/21 11:40,11.19
1/17/21 11:42,11.2
1/17/21 11:47,11.21
1/17/21 11:50,11.22
1/17/21 11:53,11.23
1/17/21 11:56,11.24
1/17/21 12:02,11.25
1/17/21 12:08,11.26
1/17/21 12:17,11.27
1/17/21 12:23,11.28
1/17/21 12:32,11.29
1/17/21 12:38,11.3
1/17/21 12:47,11.31
1/22/21 13:55,11.37
2/3/21 11:29,11.38
2/3/21 11:39,11.39
2/3/21 17:41,11.4
2/4/21 10:10,11.41
2/4/21 10:43,11.42
2/4/21 10:59,11.43
2/4/21 11:06,11.44
2/4/21 11:20,11.45
2/4/21 11:26,11.46
2/4/21 11:37,11.47
2/4/21 11:43,11.48
2/4/21 11:56,11.49
2/4/21 12:05,11.5
2/4/21 12:15,11.51
2/4/21 12:26,11.52
2/4/21 12:46,11.53
2/4/21 13:00,11.54
2/4/21 13:19,11.55
2/4/21 13:36,11.56
2/4/21 14:05,11.57
2/4/21 14:22,11.58
2/4/21 14:33,11.59
2/4/21 14:49,11.6
2/4/21 15:08,11.61
2/4/21 15:20,11.62
2/5/21 11:28,11.63
2/5/21 12:18,11.64
2/5/21 12:19,11.65
2/5/21 12:24,11.66
2/5/21 12:24,11.67
2/5/21 12:35,11.68
2/5/21 20:33,11.69
2/5/21 20:41,11.7
2/5/21 20:47,11.71
2/5/21 20:52,11.72
2/5/21 21:02,11.73
2/5/21 21:28,11.74
2/5/21 21:56,11.75
2/6/21 0:14,11.76
2/6/21 10:12,11.77
2/10/21 11:50,11.78
2/10/21 11:54,11.79
2/10/21 12:02,11.8
2/10/21 12:04,11.81
2/10/21 12:07,11.82
2/10/21 12:09,11.83
2/10/21 12:13,11.84
2/10/21 12:17,11.85
2/10/21 12:21,11.86
2/15/21 13:45,11.87
2/16/21 11:39,11.88
2/16/21 11:42,11.89
2/16/21 11:47,11.9
2/16/21 11:52,11.91
2/16/21 14:32,11.92
2/16/21 14:34,11.93
2/16/21 14:43,11.94
2/16/21 14:48,11.95
2/16/21 14:51,11.96
2/16/21 14:54,11.97
2/16/21 14:58,11.98
2/16/21 15:01,11.99
2/16/21 15:05,12
2/16/21 15:08,12.01
2/16/21 15:12,12.02
2/16/21 15:15,12.03
2/16/21 15:17,12.04
2/16/21 15:18,12.05
2/16/21 15:21,12.06
2/16/21 15:24,12.07
2/16/21 15:26,12.08
2/16/21 15:30,12.09
2/16/21 15:33,12.1
2/16/21 15:36,12.11
2/16/21 15:39,12.12
2/16/21 15:43,12.13
2/16/21 15:47,12.14
2/16/21 15:50,12.15
2/16/21 15:54,12.16
2/16/21 15:57,12.17
2/16/21 16:01,12.18
2/16/21 16:05,12.19
2/16/21 16:09,12.2
2/16/21 16:14,12.21
2/16/21 16:19,12.22
2/16/21 16:24,12.23
2/16/21 16:30,12.24
2/16/21 16:36,12.25
2/16/21 16:43,12.26
2/16/21 16:53,12.27
2/16/21 17:02,12.28
2/16/21 17:15,12.29
2/16/21 17:29,12.3
2/16/21 17:42,12.31
2/16/21 18:13,12.32
2/16/21 18:28,12.33
2/17/21 14:56,12.34
2/19/21 10:41,12.35
2/19/21 10:46,12.36
2/19/21 10:47,12.37
2/20/21 10:48,12.38
2/20/21 10:52,12.39
2/23/21 8:35,12.4
2/24/21 13:48,12.41
2/24/21 13:48,12.42
2/24/21 13:51,12.43
2/24/21 13:51,12.44
2/24/21 13:51,12.45
2/27/21 11:29,12.46
2/27/21 12:15,12.47
2/27/21 13:06,12.48
2/27/21 14:20,12.49
2/27/21 14:28,12.5
2/27/21 14:31,12.51
2/27/21 14:43,12.52
2/27/21 14:55,12.53
3/1/21 5:39,12.54
3/1/21 8:08,12.55
3/9/21 11:39,12.56
3/9/21 11:39,12.57
3/9/21 11:39,12.58
3/9/21 11:39,12.59
3/17/21 17:07,12.6
3/18/21 8:35,12.61
3/18/21 9:17,12.62
3/18/21 10:03,12.63
3/18/21 10:51,12.64
3/26/21 4:02,12.65
3/26/21 4:19,12.66
3/26/21 4:25,12.67
3/26/21 4:32,12.68
3/26/21 10:07,12.69
3/26/21 10:39,12.7
3/26/21 10:50,12.71
3/26/21 10:57,12.72
3/26/21 11:04,12.73
3/26/21 13:26,12.74
3/26/21 13:26,12.75
3/26/21 13:26,12.76
3/26/21 13:27,12.77
3/26/21 13:27,12.78
3/26/21 13:27,12.79
3/26/21 13:28,12.8
3/26/21 13:30,12.81
3/26/21 13:36,12.82
3/26/21 13:51,12.83
3/26/21 14:44,12.84
3/26/21 16:42,12.85
3/28/21 12:15,12.86
3/28/21 12:28,12.87
3/28/21 12:39,12.88
3/28/21 12:51,12.89
3/28/21 13:02,12.9
3/28/21 13:12,12.91
3/28/21 13:20,12.92
3/28/21 13:31,12.93
3/28/21 15:46,12.94
3/28/21 17:54,12.95
3/28/21 17:58,12.96
3/28/21 18:11,12.97
3/28/21 18:21,12.98
3/28/21 18:26,12.99
3/28/21 18:30,13
3/28/21 18:36,13.01
3/28/21 18:40,13.02
3/28/21 18:43,13.03
3/28/21 18:48,13.04
3/28/21 18:56,13.05
3/28/21 19:30,13.06
3/28/21 19:37,13.07
3/28/21 19:45,13.08
3/31/21 21:02,13.08
3/31/21 21:12,13.08
3/31/21 21:17,13.08
3/31/21 21:24,13.08
3/31/21 21:47,13.08
3/31/21 22:23,13.08
3/31/21 22:43,13.08
3/31/21 22:50,13.08
3/31/21 23:00,13.08
3/31/21 23:15,13.08
3/31/21 23:22,13.08
3/31/21 23:29,13.08
3/31/21 23:47,13.08
4/1/21 0:05,13.08
4/1/21 0:19,13.08
4/1/21 0:31,13.08
4/1/21 0:37,13.08
4/1/21 0:43,13.08
4/1/21 0:48,13.08
4/1/21 0:57,13.08
4/1/21 1:10,13.08
4/1/21 2:25,13.08
4/1/21 3:04,13.08
4/1/21 4:12,13.08
4/1/21 6:30,13.08
4/1/21 6:50,13.08
4/1/21 6:57,13.08
4/1/21 7:06,13.08
4/1/21 7:14,13.08
4/1/21 7:18,13.08
4/1/21 7:25,13.08
4/1/21 7:32,13.08
4/1/21 7:41,13.08
4/1/21 7:51,13.08
4/1/21 8:04,13.08
4/1/21 8:18,13.08
4/1/21 8:40,13.08
4/1/21 9:00,13.08
4/1/21 9:20,13.08
4/1/21 9:44,13.08
4/1/21 10:07,13.08
4/1/21 11:01,13.08
4/15/21 2:55,13.08
4/15/21 4:02,13.08
4/15/21 7:56,13.08
4/15/21 8:04,13.08
4/15/21 8:30,13.08
4/15/21 8:37,13.08
4/15/21 8:42,13.08
4/15/21 8:44,13.08
4/15/21 8:48,13.08
4/15/21 8:50,13.08
4/15/21 8:52,13.08
4/15/21 8:54,13.08
4/15/21 8:57,13.08
4/15/21 9:00,13.08
4/15/21 9:03,13.08
4/15/21 9:06,13.08
4/15/21 9:09,13.08
4/15/21 9:12,13.08
4/15/21 9:15,13.08
4/15/21 9:18,13.08
4/15/21 9:21,13.08
4/15/21 9:23,13.08
4/15/21 9:26,13.08
4/15/21 9:29,13.08
4/15/21 9:31,13.08
4/15/21 9:34,13.08
4/15/21 9:36,13.08
4/15/21 9:38,13.08
4/15/21 9:41,13.08
4/15/21 9:44,13.08
4/15/21 9:47,13.08
4/15/21 9:49,13.08
4/15/21 9:55,13.08
4/15/21 9:59,13.08
4/15/21 10:02,13.08
4/15/21 10:04,13.08
4/15/21 10:06,13.08
4/15/21 10:07,13.08
4/15/21 10:10,13.08
4/15/21 10:13,13.08
4/15/21 10:17,13.08
4/15/21 10:19,13.08
4/15/21 10:22,13.08
4/15/21 10:27,13.08
4/15/21 10:31,13.08
4/15/21 10:34,13.08
4/15/21 10:39,13.08
4/15/21 10:46,13.08
4/15/21 10:55,13.08
4/15/21 11:01,13.08
4/15/21 11:05,13.08
4/15/21 11:10,13.08
4/15/21 11:17,13.08
4/15/21 11:22,13.08
4/15/21 11:28,13.08
4/15/21 11:43,13.08
4/15/21 12:01,13.08
4/15/21 12:05,13.08
4/15/21 12:09,13.08
4/15/21 12:13,13.08
4/15/21 12:18,13.08
4/15/21 12:25,13.08
4/15/21 12:35,13.08
4/15/21 12:38,13.08
4/15/21 12:43,13.08
4/15/21 12:47,13.08
4/15/21 12:56,13.08
4/15/21 13:10,13.08
4/15/21 13:26,13.08
4/15/21 13:33,13.08
4/15/21 13:44,13.08
4/15/21 13:57,13.08
4/15/21 14:19,13.08
4/15/21 14:30,13.08
4/15/21 14:42,13.08
4/15/21 14:54,13.08
4/15/21 15:12,13.08
4/15/21 15:24,13.08
4/15/21 15:36,13.08
4/15/21 15:47,13.08
4/15/21 16:00,13.08
4/15/21 16:16,13.08
4/15/21 16:38,13.08
4/15/21 16:53,13.08
4/15/21 17:03,13.08
4/15/21 17:11,13.08
4/15/21 17:31,13.08
4/15/21 17:44,13.08
4/15/21 18:14,13.08
4/15/21 18:42,13.08
4/15/21 19:01,13.08
4/15/21 19:23,13.08
4/15/21 19:37,13.08
4/15/21 19:50,13.08
4/15/21 20:07,13.08
4/15/21 20:20,13.08
4/15/21 20:57,13.08
4/15/21 21:24,13.08
4/15/21 21:58,13.08
4/15/21 22:46,13.08
4/15/21 23:16,13.08
4/15/21 23:32,13.08
4/15/21 23:45,13.08
4/15/21 23:55,13.08
4/16/21 0:06,13.08
4/16/21 0:31,13.08
4/16/21 0:53,13.08
4/16/21 1:18,13.08
4/16/21 1:38,13.08
4/16/21 2:24,13.08
4/16/21 2:53,13.08
4/16/21 3:03,13.08
4/16/21 3:17,13.08
4/16/21 3:45,13.08
4/16/21 4:02,13.08
4/16/21 4:09,13.08
4/16/21 4:17,13.08
4/16/21 4:26,13.08
4/16/21 4:37,13.08
4/16/21 4:49,13.08
4/16/21 5:11,13.08
4/16/21 5:54,13.08
4/16/21 6:24,13.08
4/16/21 6:56,13.08
4/16/21 7:19,13.08
4/16/21 7:51,13.08
4/16/21 8:18,13.08
4/16/21 8:55,13.08
4/16/21 9:38,13.08
4/16/21 10:06,13.08
4/16/21 10:23,13.08
4/16/21 10:40,13.08
4/16/21 11:26,13.08
4/16/21 11:54,13.08
4/16/21 12:35,13.08
4/16/21 12:57,13.08
4/16/21 13:07,13.08
4/16/21 13:17,13.08
4/16/21 13:29,13.08
4/16/21 13:51,13.08
4/16/21 14:06,13.08
4/16/21 14:21,13.08
4/16/21 14:33,13.08
4/16/21 14:42,13.08
4/16/21 14:53,13.08
4/16/21 15:02,13.08
4/16/21 15:14,13.08
4/16/21 15:21,13.08
4/16/21 15:29,13.08
4/16/21 15:34,13.08
4/16/21 15:38,13.08
4/16/21 15:42,13.08
4/16/21 15:49,13.08
4/16/21 15:55,13.08
4/16/21 16:09,13.08
4/16/21 16:21,13.08
4/16/21 16:35,13.08
4/16/21 16:44,13.08
4/16/21 16:53,13.08
4/16/21 17:09,13.08
4/16/21 18:18,13.08
4/16/21 19:07,13.08
4/16/21 19:31,13.08
4/16/21 19:46,13.08
4/16/21 20:08,13.08
4/16/21 20:19,13.08
4/16/21 20:29,13.08
4/16/21 20:42,13.08
4/16/21 21:04,13.08
4/16/21 21:20,13.08
4/16/21 21:44,13.08
4/16/21 22:13,13.08
4/16/21 22:35,13.08
4/16/21 23:02,13.08
4/16/21 23:39,13.08
4/17/21 0:33,13.08
4/18/21 7:33,13.08
4/18/21 7:51,13.08
4/18/21 8:30,13.08
4/18/21 9:52,13.08
4/18/21 9:57,13.08
4/18/21 10:10,13.08
4/18/21 20:31,13.08
4/21/21 2:55,13.08
4/21/21 3:00,13.08
4/21/21 3:04,13.08
4/21/21 3:10,13.08
4/21/21 3:22,13.08
4/21/21 3:30,13.08
4/21/21 3:33,13.08
4/21/21 3:36,13.08
4/21/21 3:39,13.08
4/21/21 3:50,13.08
4/21/21 4:00,13.08
4/21/21 4:07,13.08
4/21/21 4:15,13.08
4/21/21 4:24,13.08
4/21/21 4:27,13.08
4/21/21 4:33,13.08
4/21/21 4:42,13.08
4/21/21 4:55,13.08
4/21/21 5:03,13.08
4/21/21 5:18,13.08
4/21/21 5:39,13.08
4/21/21 5:51,13.08
4/21/21 6:01,13.08
4/21/21 6:25,13.08
4/21/21 6:40,13.08
4/21/21 6:55,13.08
4/21/21 7:10,13.08
4/21/21 7:24,13.08
4/21/21 7:35,13.08
4/21/21 7:48,13.08
4/21/21 8:06,13.08
4/21/21 12:15,13.08
4/21/21 12:23,13.08
4/21/21 12:33,13.08
4/21/21 12:43,13.08
4/21/21 12:53,13.08
4/21/21 13:05,13.08
4/21/21 13:24,13.08
4/21/21 13:47,13.08
4/21/21 14:01,13.08
4/21/21 14:09,13.08
4/21/21 14:26,13.08
4/22/21 8:00,13.08
4/22/21 9:00,13.08
4/22/21 9:16,13.08
4/22/21 9:53,13.08
4/22/21 10:03,13.08
4/22/21 10:21,13.08
4/22/21 10:21,13.08
4/22/21 10:31,13.08
4/22/21 10:47,13.08
4/22/21 10:55,13.08
4/22/21 11:01,13.08
4/22/21 11:06,13.08
4/22/21 11:11,13.08
4/22/21 11:17,13.08
4/22/21 11:23,13.08
4/22/21 11:28,13.08
4/22/21 11:34,13.08
4/22/21 11:46,13.08
4/22/21 17:51,13.08
4/22/21 17:51,13.08
4/22/21 17:51,13.08
4/22/21 17:51,13.08
4/22/21 17:51,13.08
4/22/21 17:51,13.08
4/22/21 17:51,13.08
4/28/21 1:39,13.08
4/28/21 1:50,13.08
4/28/21 1:55,13.08
4/28/21 2:13,13.08
4/28/21 2:42,13.08
4/28/21 4:21,13.08
4/28/21 4:37,13.08
4/28/21 4:58,13.08
4/28/21 14:36,13.08
4/28/21 14:52,13.08
4/28/21 15:13,13.08
4/28/21 15:16,13.08
4/28/21 15:20,13.08
4/28/21 15:25,13.08
4/28/21 15:41,13.08
4/28/21 15:51,13.08
4/28/21 15:55,13.08
4/28/21 15:58,13.08
4/28/21 16:02,13.08
4/28/21 16:07,13.08
4/28/21 16:12,13.08
4/28/21 16:17,13.08
4/28/21 16:26,13.08
4/28/21 16:35,13.08
4/28/21 16:41,13.08
4/28/21 16:52,13.08
4/28/21 17:05,13.08
4/28/21 17:17,13.08
4/28/21 17:40,13.08
4/28/21 18:45,13.08
4/28/21 19:05,13.08
4/28/21 19:23,13.08
4/28/21 19:42,13.08
4/28/21 20:44,13.08
4/28/21 21:01,13.08
4/28/21 22:14,13.08
4/28/21 22:43,13.08
4/29/21 1:52,13.08
4/29/21 16:47,13.08
4/29/21 17:06,13.08
4/29/21 17:21,13.08
4/29/21 17:36,13.08
4/29/21 17:47,13.08
4/29/21 17:56,13.08
4/29/21 18:16,13.08
4/29/21 18:29,13.08
4/29/21 18:34,13.08
4/29/21 18:45,13.08
4/29/21 18:54,13.08
4/29/21 19:01,13.08
4/29/21 19:07,13.08
4/29/21 19:11,13.08
4/29/21 19:13,13.08
4/29/21 19:16,13.08
4/29/21 19:19,13.08
4/29/21 19:22,13.08
4/29/21 19:25,13.08
4/29/21 19:28,13.08
4/29/21 19:30,13.08
4/29/21 19:38,13.08
4/29/21 19:50,13.08
4/29/21 20:15,13.08
4/29/21 20:30,13.08
4/29/21 20:39,13.08
4/29/21 20:46,13.08
4/29/21 20:52,13.08
4/29/21 20:56,13.08
4/29/21 21:00,13.08
4/29/21 21:03,13.08
4/29/21 21:09,13.08
4/29/21 21:14,13.08
4/29/21 21:36,13.08
4/29/21 23:03,13.08
4/29/21 23:13,13.08
4/29/21 23:33,13.08
4/29/21 23:47,13.08
4/29/21 23:55,13.08
4/30/21 0:09,13.08
4/30/21 0:14,13.08
4/30/21 0:22,13.08
4/30/21 0:27,13.08
4/30/21 0:36,13.08
4/30/21 0:44,13.08
4/30/21 0:50,13.08
4/30/21 0:57,13.08
4/30/21 1:04,13.08
4/30/21 1:08,13.08
4/30/21 1:13,13.08
4/30/21 1:17,13.08
4/30/21 1:25,13.08
4/30/21 1:31,13.08
4/30/21 1:35,13.08
4/30/21 1:39,13.08
4/30/21 1:51,13.08
4/30/21 1:55,13.08
4/30/21 1:59,13.08
4/30/21 2:02,13.08
4/30/21 2:05,13.08
4/30/21 2:08,13.08
4/30/21 2:12,13.08
4/30/21 2:15,13.08
4/30/21 2:19,13.08
4/30/21 2:22,13.08
4/30/21 2:25,13.08
4/30/21 2:29,13.08
4/30/21 2:33,13.08
4/30/21 2:37,13.08
4/30/21 2:43,13.08
4/30/21 2:56,13.08
4/30/21 3:10,13.08
4/30/21 3:24,13.08
4/30/21 3:49,13.08
4/30/21 4:06,13.08
4/30/21 4:12,13.08
4/30/21 4:15,13.08
4/30/21 4:23,13.08
4/30/21 4:31,13.08
4/30/21 4:36,13.08
4/30/21 4:42,13.08
4/30/21 4:52,13.08
4/30/21 5:00,13.08
4/30/21 5:05,13.08
4/30/21 5:13,13.08
4/30/21 5:19,13.08
4/30/21 5:35,13.08
4/30/21 5:55,13.08
4/30/21 6:02,13.08
4/30/21 6:09,13.08
4/30/21 6:25,13.08
4/30/21 6:33,13.08
4/30/21 6:38,13.08
4/30/21 15:29,13.08
4/30/21 15:59,13.08
4/30/21 16:31,13.08
4/30/21 16:50,13.08
4/30/21 17:04,13.08
4/30/21 17:16,13.08
4/30/21 17:32,13.08
4/30/21 17:45,13.08
4/30/21 19:44,13.08
4/30/21 22:34,13.08
4/30/21 23:16,13.08
4/30/21 23:44,13.08
5/1/21 0:39,13.08
5/1/21 1:08,13.08
5/1/21 4:16,13.08
5/1/21 5:10,13.08
5/5/21 1:48,13.08
5/5/21 1:52,13.08
5/5/21 2:10,13.08
5/5/21 2:17,13.08
5/5/21 2:25,13.08
5/5/21 2:29,13.08
5/5/21 2:33,13.08
5/5/21 2:40,13.08
5/5/21 2:49,13.08
5/5/21 2:52,13.08
5/5/21 2:56,13.08
5/5/21 3:00,13.08
5/5/21 3:04,13.08
5/5/21 3:07,13.08
5/5/21 3:12,13.08
5/5/21 3:15,13.08
5/5/21 3:30,13.08
5/5/21 3:51,13.08
5/5/21 4:52,13.08
5/5/21 4:59,13.08
5/5/21 5:04,13.08
5/5/21 5:11,13.08
5/5/21 5:13,13.08
5/5/21 5:15,13.08
5/5/21 5:17,13.08
5/5/21 5:20,13.08
5/5/21 5:22,13.08
5/5/21 5:24,13.08
5/5/21 5:26,13.08
5/5/21 5:32,13.08
5/5/21 5:44,13.08
5/5/21 5:48,13.08
5/5/21 6:02,13.08
5/5/21 6:31,13.08
5/5/21 6:40,13.08
5/5/21 6:48,13.08
5/5/21 13:42,13.08
5/5/21 13:59,13.08
5/5/21 14:04,13.08
5/5/21 14:10,13.08
5/5/21 14:14,13.08
5/5/21 14:15,13.08
5/5/21 14:18,13.08
5/5/21 14:21,13.08
5/5/21 14:24,13.08
5/5/21 14:25,13.08
5/5/21 14:27,13.08
5/5/21 14:30,13.08
5/5/21 14:35,13.08
5/5/21 14:38,13.08
5/5/21 14:41,13.08
5/5/21 14:44,13.08
5/5/21 14:49,13.08
5/5/21 14:55,13.08
5/5/21 15:02,13.08
5/5/21 15:08,13.08
5/5/21 15:21,13.08
5/5/21 15:29,13.08
5/5/21 15:36,13.08
5/5/21 15:44,13.08
5/5/21 15:49,13.08
5/5/21 15:51,13.08
5/5/21 15:52,13.08
5/5/21 15:54,13.08
5/5/21 15:57,13.08
5/5/21 16:01,13.08
5/5/21 16:04,13.08
5/5/21 16:07,13.08
5/5/21 16:09,13.08
5/5/21 16:11,13.08
5/5/21 16:15,13.08
5/5/21 16:20,13.08
5/5/21 16:26,13.08
5/5/21 16:33,13.08
5/5/21 16:42,13.08
5/5/21 16:47,13.08
5/5/21 16:52,13.08
5/5/21 16:58,13.08
5/5/21 17:06,13.08
5/5/21 17:13,13.08
5/5/21 17:23,13.08
5/5/21 17:36,13.08
5/5/21 17:48,13.08
5/5/21 17:58,13.08
5/5/21 18:09,13.08
5/5/21 18:19,13.08
5/5/21 18:40,13.08
5/5/21 18:54,13.08
5/5/21 19:04,13.08
5/5/21 19:21,13.08
5/5/21 19:28,13.08
5/5/21 19:32,13.08
5/5/21 19:46,13.08
5/5/21 20:13,13.08
5/5/21 20:44,13.08
5/5/21 21:06,13.08
5/5/21 21:25,13.08
5/6/21 0:22,13.08
5/6/21 19:20,13.08
5/10/21 20:32,13.08
5/10/21 20:57,13.08
5/10/21 22:27,13.08
5/12/21 0:33,13.08
5/12/21 0:51,13.08
5/12/21 1:33,13.08
5/12/21 1:56,13.08
5/12/21 2:04,13.08
5/12/21 2:09,13.08
5/12/21 2:27,13.08
5/12/21 3:01,13.08
5/26/21 13:21,13.08
5/26/21 13:21,13.08
5/26/21 13:21,13.08
5/26/21 13:22,13.08
5/26/21 13:22,13.08
5/26/21 13:22,13.08
5/26/21 13:23,13.08
5/26/21 13:23,13.08
5/26/21 13:23,13.08
5/26/21 13:23,13.08
5/26/21 13:24,13.08
5/26/21 13:25,13.08
5/26/21 13:25,13.08
5/26/21 13:26,13.08
5/26/21 13:31,13.08
5/26/21 15:26,13.08
5/26/21 15:27,13.08
5/26/21 15:29,13.08
5/30/21 14:56,13.08
5/30/21 18:35,13.08
5/30/21 18:46,13.08
5/30/21 19:08,13.08
5/30/21 19:27,13.08
5/30/21 19:40,13.08
5/30/21 19:48,13.08
5/30/21 19:54,13.08
5/30/21 20:12,13.08
5/30/21 20:32,13.08
5/30/21 20:54,13.08
5/30/21 21:07,13.08
5/30/21 21:26,13.08
5/30/21 21:44,13.08
5/30/21 22:00,13.08
5/30/21 22:17,13.08
5/30/21 22:42,13.08
5/31/21 2:41,13.08
6/3/21 2:39,13.08
6/3/21 11:57,13.08
6/3/21 18:01,13.08
6/3/21 23:11,13.08
6/4/21 1:06,13.08
6/4/21 1:14,13.08
6/4/21 1:18,13.08
6/4/21 2:27,13.08
6/5/21 14:23,13.08
6/5/21 14:23,13.08
6/5/21 14:24,13.08
6/5/21 14:25,13.08
6/5/21 14:26,13.08
6/5/21 14:26,13.08
6/5/21 14:27,13.08
6/5/21 14:27,13.08
6/5/21 14:27,13.08
6/5/21 14:28,13.08
6/5/21 14:28,13.08
6/5/21 14:29,13.08
6/5/21 14:29,13.08
6/5/21 14:30,13.08
6/5/21 14:30,13.08
6/5/21 14:31,13.08
6/5/21 14:31,13.08
6/5/21 14:31,13.08
6/5/21 14:31,13.08
6/5/21 14:32,13.08
6/5/21 14:34,13.08
6/5/21 14:36,13.08
6/5/21 15:02,13.08
6/6/21 4:12,13.08
6/14/21 4:08,13.08
6/14/21 4:14,13.08
6/14/21 4:24,13.08
6/14/21 4:35,13.08
6/14/21 4:39,13.08
6/14/21 4:43,13.08
6/14/21 4:47,13.08
6/14/21 4:50,13.08
6/14/21 4:54,13.08
6/14/21 4:57,13.08
6/14/21 5:00,13.08
6/14/21 5:02,13.08
6/14/21 5:05,13.08
6/14/21 5:08,13.08
6/14/21 5:10,13.08
6/14/21 5:14,13.08
6/14/21 5:18,13.08
6/14/21 5:23,13.08
6/14/21 5:28,13.08
6/14/21 5:31,13.08
6/14/21 5:35,13.08
6/14/21 5:39,13.08
6/14/21 5:44,13.08
6/14/21 6:13,13.08
6/14/21 9:54,13.08
6/14/21 9:56,13.08
6/14/21 10:01,13.08
6/14/21 10:03,13.08
6/14/21 16:51,13.08
6/14/21 22:46,13.08
6/14/21 22:47,13.08
6/14/21 22:57,13.08
6/14/21 22:59,13.08
6/14/21 23:00,13.08
6/14/21 23:01,13.08
6/14/21 23:02,13.08
6/14/21 23:03,13.08
6/14/21 23:04,13.08
6/14/21 23:05,13.08
6/14/21 23:06,13.08
6/14/21 23:06,13.08
6/14/21 23:06,13.08
6/14/21 23:07,13.08
6/14/21 23:07,13.08
6/14/21 23:07,13.08
6/14/21 23:07,13.08
6/14/21 23:08,13.08
6/14/21 23:09,13.08
6/14/21 23:10,13.08
6/14/21 23:13,13.08
6/14/21 23:16,13.08
6/14/21 23:18,13.08
6/14/21 23:21,13.08
6/14/21 23:25,13.08
6/14/21 23:30,13.08
6/14/21 23:46,13.08
6/15/21 2:25,13.08
6/15/21 13:42,13.08
6/15/21 13:49,13.08
6/15/21 16:05,13.08
6/15/21 16:22,13.08
6/15/21 16:34,13.08
6/19/21 2:58,13.08
6/19/21 3:00,13.08
6/19/21 4:30,13.08
6/19/21 8:01,13.08
6/19/21 22:42,13.08
6/19/21 22:44,13.08
6/19/21 22:55,13.08
6/20/21 17:50,13.08
6/20/21 17:50,13.08
6/20/21 17:50,13.08
6/20/21 17:50,13.08
6/20/21 17:50,13.08
6/20/21 17:50,13.08
6/20/21 17:50,13.08
6/20/21 17:50,13.08
6/20/21 17:50,13.08
6/20/21 17:50,13.08
6/20/21 17:50,13.08
6/20/21 17:50,13.08
6/20/21 17:51,13.08
6/20/21 17:51,13.08
6/21/21 20:35,13.08
6/21/21 20:40,13.08
6/21/21 20:41,13.08
6/21/21 20:41,13.08
6/21/21 20:42,13.08
6/21/21 20:42,13.08
6/21/21 20:42,13.08
6/21/21 20:42,13.08
6/21/21 20:42,13.08
6/21/21 20:43,13.08
6/21/21 20:43,13.08
6/21/21 20:43,13.08
6/21/21 20:43,13.08
6/21/21 20:44,13.08
6/21/21 20:45,13.08
6/21/21 20:45,13.08
6/21/21 20:46,13.08
6/21/21 20:46,13.08
6/21/21 20:47,13.08
6/21/21 20:48,13.08
6/21/21 20:54,13.08
6/21/21 20:59,13.08
6/21/21 21:02,13.08
6/21/21 21:06,13.08
6/21/21 21:21,13.08
6/22/21 16:50,13.08
6/22/21 16:50,13.08
6/22/21 16:50,13.08
6/22/21 16:53,13.08
6/22/21 16:53,13.08
6/22/21 16:53,13.08
6/22/21 16:53,13.08
6/22/21 16:53,13.08
6/22/21 16:53,13.08
6/22/21 16:53,13.08
6/22/21 16:53,13.08
6/22/21 16:53,13.08
6/22/21 16:54,13.08
6/29/21 16:03,13.08
6/29/21 18:26,13.08
6/29/21 18:28,13.08
6/29/21 18:29,13.08
6/29/21 18:30,13.08
6/29/21 18:30,13.08
6/29/21 18:31,13.08
6/29/21 18:32,13.08
6/29/21 18:32,13.08
6/29/21 18:32,13.08
6/29/21 18:33,13.08
6/29/21 18:33,13.08
6/29/21 18:33,13.08
6/29/21 18:34,13.08
6/29/21 18:34,13.08
6/29/21 18:34,13.08
6/29/21 18:35,13.08
6/29/21 18:35,13.08
6/29/21 19:35,13.08
6/30/21 12:59,13.08
6/30/21 23:28,13.08
6/30/21 23:38,13.08
6/30/21 23:40,13.08
6/30/21 23:42,13.08
6/30/21 23:45,13.08
6/30/21 23:48,13.08
6/30/21 23:50,13.08
7/1/21 0:11,13.08
7/1/21 1:32,13.08
7/2/21 4:17,13.08
7/2/21 4:47,13.08
7/2/21 5:43,13.08
7/2/21 5:48,13.08
7/2/21 5:51,13.08
7/2/21 5:54,13.08
7/2/21 5:58,13.08
7/2/21 6:02,13.08
7/2/21 6:10,13.08
7/2/21 6:24,13.08
7/2/21 6:32,13.08
7/2/21 6:37,13.08
7/2/21 6:41,13.08
7/2/21 6:48,13.08
7/2/21 6:53,13.08
7/2/21 7:00,13.08
7/2/21 7:10,13.08
7/2/21 7:19,13.08
7/2/21 7:27,13.08
7/2/21 7:38,13.08
7/2/21 7:41,13.08
7/2/21 7:43,13.08
7/2/21 7:45,13.08
7/2/21 7:46,13.08
7/2/21 7:48,13.08
7/2/21 7:51,13.08
7/2/21 7:54,13.08
7/2/21 7:57,13.08
7/2/21 8:00,13.08
7/2/21 8:02,13.08
7/2/21 8:05,13.08
7/2/21 8:07,13.08
7/2/21 8:09,13.08
7/2/21 8:11,13.08
7/2/21 8:14,13.08
7/2/21 8:19,13.08
7/2/21 8:27,13.08
7/2/21 8:33,13.08
7/2/21 8:42,13.08
7/2/21 8:57,13.08
7/2/21 9:00,13.08
7/2/21 9:03,13.08
7/2/21 9:06,13.08
7/2/21 9:10,13.08
7/2/21 9:14,13.08
7/2/21 9:16,13.08
7/2/21 9:18,13.08
7/2/21 9:21,13.08
7/2/21 9:23,13.08
7/2/21 9:25,13.08
7/2/21 9:28,13.08
7/2/21 9:30,13.08
7/2/21 9:33,13.08
7/2/21 9:36,13.08
7/2/21 9:39,13.08
7/2/21 9:41,13.08
7/2/21 9:44,13.08
7/2/21 9:47,13.08
7/2/21 9:49,13.08
7/2/21 9:52,13.08
7/2/21 9:55,13.08
7/2/21 9:58,13.08
7/2/21 10:00,13.08
7/2/21 10:02,13.08
7/2/21 10:03,13.08
7/2/21 10:06,13.08
7/2/21 10:09,13.08
7/2/21 10:13,13.08
7/2/21 10:15,13.08
7/2/21 10:17,13.08
7/2/21 10:19,13.08
7/2/21 10:21,13.08
7/2/21 10:23,13.08
7/2/21 10:25,13.08
7/2/21 10:27,13.08
7/2/21 10:29,13.08
7/2/21 10:30,13.08
7/2/21 10:32,13.08
7/2/21 10:33,13.08
7/2/21 10:33,13.08
7/2/21 10:35,13.08
7/2/21 10:36,13.08
7/2/21 10:37,13.08
7/2/21 10:38,13.08
7/2/21 10:39,13.08
7/2/21 10:40,13.08
7/2/21 10:41,13.08
7/2/21 10:42,13.08
7/2/21 10:44,13.08
7/2/21 10:46,13.08
7/2/21 10:47,13.08
7/2/21 10:49,13.08
7/2/21 10:52,13.08
7/2/21 10:55,13.08
7/2/21 10:59,13.08
7/2/21 11:03,13.08
7/2/21 11:08,13.08
7/2/21 11:12,13.08
7/2/21 11:16,13.08
7/2/21 11:20,13.08
7/2/21 11:23,13.08
7/2/21 11:26,13.08
7/2/21 11:28,13.08
7/2/21 11:31,13.08
7/2/21 11:33,13.08
7/2/21 11:36,13.08
7/2/21 11:39,13.08
7/2/21 11:42,13.08
7/2/21 11:44,13.08
7/2/21 11:46,13.08
7/2/21 11:48,13.08
7/2/21 11:50,13.08
7/2/21 11:52,13.08
7/2/21 11:55,13.08
7/2/21 11:58,13.08
7/2/21 12:01,13.08
7/2/21 12:04,13.08
7/2/21 12:06,13.08
7/2/21 12:09,13.08
7/2/21 12:11,13.08
7/2/21 12:14,13.08
7/2/21 12:17,13.08
7/2/21 12:20,13.08
7/2/21 12:24,13.08
7/2/21 12:27,13.08
7/2/21 12:30,13.08
7/2/21 12:32,13.08
7/2/21 12:34,13.08
7/2/21 12:35,13.08
7/2/21 12:37,13.08
7/2/21 12:39,13.08
7/2/21 12:43,13.08
7/2/21 12:46,13.08
7/2/21 12:48,13.08
7/2/21 12:50,13.08
7/2/21 12:53,13.08
7/2/21 12:56,13.08
7/2/21 13:00,13.08
7/2/21 13:02,13.08
7/2/21 13:05,13.08
7/2/21 13:07,13.08
7/2/21 13:09,13.08
7/2/21 13:11,13.08
7/2/21 13:15,13.08
7/2/21 13:18,13.08
7/2/21 13:21,13.08
7/2/21 13:24,13.08
7/2/21 13:27,13.08
7/2/21 13:30,13.08
7/2/21 13:33,13.08
7/2/21 13:40,13.08
7/2/21 13:53,13.08
7/2/21 14:05,13.08
7/2/21 14:09,13.08
7/2/21 14:11,13.08
7/2/21 14:14,13.08
7/2/21 14:18,13.08
7/2/21 14:23,13.08
7/2/21 14:26,13.08
7/2/21 14:32,13.08
7/2/21 14:41,13.08
7/2/21 14:49,13.08
7/2/21 14:54,13.08
7/2/21 14:59,13.08
7/2/21 15:04,13.08
7/2/21 15:09,13.08
7/2/21 15:15,13.08
7/2/21 15:25,13.08
7/2/21 15:30,13.08
7/2/21 15:34,13.08
7/2/21 15:40,13.08
7/2/21 15:52,13.08
7/2/21 16:15,13.08
7/2/21 17:18,13.08
7/2/21 17:28,13.08
7/2/21 17:31,13.08
7/2/21 17:37,13.08
7/2/21 18:12,13.08
7/2/21 18:24,13.08
7/2/21 18:36,13.08
7/2/21 18:38,13.08
7/2/21 18:41,13.08
7/2/21 18:43,13.08
7/2/21 18:45,13.08
7/2/21 18:48,13.08
7/2/21 18:52,13.08
7/2/21 18:54,13.08
7/2/21 18:56,13.08
7/2/21 18:59,13.08
7/2/21 19:01,13.08
7/2/21 19:03,13.08
7/2/21 19:06,13.08
7/2/21 19:08,13.08
7/2/21 19:11,13.08
7/2/21 19:13,13.08
7/2/21 19:16,13.08
7/2/21 19:19,13.08
7/2/21 19:20,13.08
7/2/21 19:21,13.08
7/2/21 19:21,13.08
7/2/21 19:22,13.08
7/2/21 19:22,13.08
7/2/21 19:24,13.08
7/2/21 19:27,13.08
7/2/21 19:31,13.08
7/2/21 19:43,13.08
7/2/21 19:52,13.08
7/2/21 19:57,13.08
7/2/21 20:01,13.08
7/2/21 20:08,13.08
7/2/21 20:16,13.08
7/2/21 20:24,13.08
7/2/21 20:56,13.08
7/2/21 23:00,13.08
7/3/21 6:34,13.08
7/3/21 6:41,13.08
7/3/21 6:46,13.08
7/3/21 6:59,13.08
7/3/21 7:17,13.08
7/3/21 13:17,13.08
7/3/21 13:26,13.08
7/3/21 13:32,13.08
7/3/21 13:36,13.08
7/3/21 13:40,13.08
7/3/21 13:45,13.08
7/3/21 13:50,13.08
7/3/21 13:53,13.08
7/3/21 13:57,13.08
7/3/21 13:59,13.08
7/3/21 14:01,13.08
7/3/21 14:03,13.08
7/3/21 14:06,13.08
7/3/21 14:08,13.08
7/3/21 14:10,13.08
7/3/21 14:11,13.08
7/3/21 14:13,13.08
7/3/21 14:14,13.08
7/3/21 14:16,13.08
7/3/21 14:17,13.08
7/3/21 14:19,13.08
7/3/21 14:21,13.08
7/3/21 14:23,13.08
7/3/21 14:25,13.08
7/3/21 14:27,13.08
7/3/21 14:29,13.08
7/3/21 14:31,13.08
7/3/21 14:33,13.08
7/3/21 14:38,13.08
7/3/21 14:41,13.08
7/3/21 14:46,13.08
7/3/21 14:53,13.08
7/3/21 15:10,13.08
7/3/21 15:30,13.08
7/3/21 16:01,13.08
7/3/21 16:24,13.08
7/3/21 22:15,13.08
7/3/21 22:25,13.08
7/3/21 22:29,13.08
7/3/21 22:32,13.08
7/3/21 22:35,13.08
7/3/21 22:58,13.08
7/3/21 23:21,13.08
7/3/21 23:45,13.08
7/4/21 0:26,13.08
7/4/21 0:36,13.08
7/4/21 0:39,13.08
7/4/21 0:43,13.08
7/4/21 0:46,13.08
7/4/21 1:00,13.08
7/4/21 4:25,13.08
7/4/21 4:41,13.08
7/4/21 4:47,13.08
7/4/21 5:00,13.08
7/4/21 17:04,13.08
7/4/21 17:04,13.08
7/4/21 17:04,13.08
7/4/21 17:04,13.08
7/6/21 0:14,13.08
7/6/21 0:21,13.08
7/6/21 3:04,13.08
7/6/21 5:06,13.08
7/6/21 5:11,13.08
7/6/21 5:18,13.08
7/6/21 5:28,13.08
7/6/21 5:36,13.08
7/6/21 5:43,13.08
7/6/21 6:07,13.08
7/6/21 6:24,13.08
7/6/21 6:43,13.08
7/6/21 6:47,13.08
7/6/21 7:19,13.08
7/8/21 17:32,13.08
7/8/21 21:54,13.08
7/8/21 22:07,13.08
7/8/21 22:15,13.08
7/8/21 22:21,13.08
7/8/21 22:25,13.08
7/8/21 22:28,13.08
7/8/21 22:31,13.08
7/8/21 22:36,13.08
7/8/21 22:44,13.08
7/8/21 22:51,13.08
7/8/21 22:56,13.08
7/8/21 23:01,13.08
7/8/21 23:04,13.08
7/8/21 23:07,13.08
7/8/21 23:10,13.08
7/8/21 23:13,13.08
7/8/21 23:17,13.08
7/8/21 23:20,13.08
7/8/21 23:45,13.08
7/8/21 23:52,13.08
7/8/21 23:54,13.08
7/8/21 23:56,13.08
7/8/21 23:59,13.08
7/9/21 0:01,13.08
7/9/21 0:03,13.08
7/9/21 0:06,13.08
7/9/21 0:11,13.08
7/9/21 0:18,13.08
7/9/21 0:24,13.08
7/9/21 0:32,13.08
7/9/21 0:39,13.08
7/9/21 0:45,13.08
7/9/21 0:51,13.08
7/9/21 1:00,13.08
7/9/21 1:09,13.08
7/9/21 1:17,13.08
7/9/21 1:19,13.08
7/9/21 1:22,13.08
7/9/21 1:29,13.08
7/9/21 1:33,13.08
7/9/21 1:35,13.08
7/9/21 1:41,13.08
7/9/21 1:45,13.08
7/9/21 1:51,13.08
7/9/21 1:56,13.08
7/9/21 2:01,13.08
7/9/21 2:04,13.08
7/9/21 2:07,13.08
7/9/21 2:10,13.08
7/9/21 2:12,13.08
7/9/21 2:16,13.08
7/9/21 2:21,13.08
7/9/21 2:26,13.08
7/9/21 2:33,13.08
7/9/21 2:38,13.08
7/9/21 2:45,13.08
7/9/21 2:47,13.08
7/9/21 2:49,13.08
7/9/21 2:55,13.08
7/9/21 2:57,13.08
7/9/21 2:59,13.08
7/9/21 3:02,13.08
7/9/21 3:04,13.08
7/9/21 3:05,13.08
7/9/21 3:06,13.08
7/9/21 3:08,13.08
7/9/21 3:10,13.08
7/9/21 3:12,13.08
7/9/21 3:14,13.08
7/9/21 3:16,13.08
7/9/21 3:18,13.08
7/9/21 3:22,13.08
7/9/21 3:31,13.08
7/9/21 4:41,13.08
7/9/21 5:43,13.08
7/9/21 5:44,13.08
7/9/21 5:45,13.08
7/9/21 5:47,13.08
7/9/21 5:48,13.08
7/9/21 5:50,13.08
7/9/21 5:52,13.08
7/9/21 5:54,13.08
7/9/21 5:59,13.08
7/9/21 6:01,13.08
7/9/21 6:12,13.08
7/9/21 6:25,13.08
7/9/21 6:27,13.08
7/9/21 6:29,13.08
7/9/21 6:30,13.08
7/9/21 6:31,13.08
7/9/21 6:31,13.08
7/9/21 6:32,13.08
7/9/21 6:33,13.08
7/9/21 6:36,13.08
7/9/21 6:39,13.08
7/9/21 6:41,13.08
7/9/21 6:43,13.08
7/9/21 6:45,13.08
7/9/21 6:46,13.08
7/9/21 6:48,13.08
7/9/21 6:49,13.08
7/9/21 6:52,13.08
7/9/21 6:54,13.08
7/9/21 6:55,13.08
7/9/21 6:58,13.08
7/9/21 16:20,13.08
7/9/21 16:20,13.08
7/9/21 16:21,13.08
7/9/21 16:21,13.08
7/9/21 16:21,13.08
7/13/21 4:58,13.08
7/13/21 5:04,13.08
7/13/21 5:06,13.08
7/13/21 5:09,13.08
7/13/21 5:11,13.08
7/13/21 5:12,13.08
7/13/21 5:12,13.08
7/13/21 5:13,13.08
7/13/21 5:13,13.08
7/13/21 5:13,13.08
7/13/21 5:13,13.08
7/13/21 5:14,13.08
7/13/21 5:14,13.08
7/13/21 5:14,13.08
7/13/21 5:14,13.08
7/13/21 5:15,13.08
7/13/21 5:15,13.08
7/13/21 5:15,13.08
7/13/21 5:16,13.08
7/13/21 5:16,13.08
7/13/21 5:17,13.08
7/13/21 5:18,13.08
7/13/21 5:19,13.08
7/13/21 5:20,13.08
7/13/21 5:21,13.08
7/13/21 5:21,13.08
7/13/21 5:22,13.08
7/13/21 5:23,13.08
7/13/21 5:23,13.08
7/13/21 5:24,13.08
7/13/21 5:24,13.08
7/13/21 5:25,13.08
7/13/21 5:25,13.08
7/13/21 5:26,13.08
7/13/21 5:27,13.08
7/13/21 5:28,13.08
7/13/21 5:30,13.08
7/13/21 5:33,13.08
7/13/21 5:47,13.08
7/13/21 5:54,13.08
7/13/21 5:57,13.08
7/13/21 6:01,13.08
7/13/21 6:04,13.08
7/13/21 6:08,13.08
7/13/21 6:10,13.08
7/13/21 6:13,13.08
7/13/21 6:15,13.08
7/13/21 6:18,13.08
7/13/21 6:20,13.08
7/13/21 6:22,13.08
7/13/21 6:24,13.08
7/13/21 6:25,13.08
7/13/21 6:27,13.08
7/13/21 6:30,13.08
7/13/21 6:32,13.08
7/13/21 6:35,13.08
7/13/21 6:37,13.08
7/13/21 6:39,13.08
7/13/21 6:40,13.08
7/13/21 6:41,13.08
7/13/21 6:42,13.08
7/13/21 6:43,13.08
7/13/21 6:45,13.08
7/13/21 6:47,13.08
7/13/21 6:48,13.08
7/13/21 6:50,13.08
7/13/21 6:52,13.08
7/13/21 6:54,13.08
7/13/21 6:57,13.08
7/13/21 7:03,13.08
7/13/21 7:16,13.08
7/13/21 8:15,13.08
7/13/21 8:19,13.08
7/13/21 11:35,13.08
7/14/21 1:49,13.08
7/14/21 13:09,13.08
7/14/21 13:14,13.08
7/14/21 13:18,13.08
7/14/21 13:21,13.08
7/14/21 13:23,13.08
7/14/21 13:24,13.08
7/14/21 13:25,13.08
7/14/21 13:26,13.08
7/14/21 13:26,13.08
7/14/21 13:27,13.08
7/14/21 13:27,13.08
7/14/21 13:28,13.08
7/14/21 13:29,13.08
7/14/21 13:29,13.08
7/14/21 13:30,13.08
7/14/21 13:31,13.08
7/14/21 13:32,13.08
7/14/21 13:33,13.08
7/14/21 13:33,13.08
7/14/21 13:34,13.08
7/14/21 13:35,13.08
7/14/21 13:35,13.08
7/14/21 13:36,13.08
7/14/21 13:37,13.08
7/14/21 13:39,13.08
7/14/21 13:44,13.08
7/14/21 20:04,13.08
7/14/21 20:06,13.08
7/17/21 13:33,13.08
7/17/21 19:50,13.08
7/17/21 20:22,13.08
7/17/21 20:49,13.08
7/17/21 20:58,13.08
7/17/21 21:05,13.08
7/17/21 21:10,13.08
7/17/21 21:12,13.08
7/17/21 21:16,13.08
7/17/21 21:20,13.08
7/17/21 21:24,13.08
7/17/21 21:30,13.08
7/17/21 21:36,13.08
7/17/21 21:39,13.08
7/17/21 21:42,13.08
7/17/21 21:48,13.08
7/17/21 21:58,13.08
7/17/21 22:06,13.08
7/17/21 22:09,13.08
7/17/21 22:11,13.08
7/17/21 22:13,13.08
7/17/21 22:16,13.08
7/17/21 22:21,13.08
7/17/21 22:24,13.08
7/17/21 22:28,13.08
7/17/21 22:30,13.08
7/17/21 22:31,13.08
7/17/21 22:32,13.08
7/17/21 22:37,13.08
7/17/21 22:42,13.08
7/17/21 22:48,13.08
7/17/21 23:00,13.08
7/17/21 23:13,13.08
7/17/21 23:27,13.08
7/17/21 23:46,13.08
7/17/21 23:52,13.08
7/18/21 0:03,13.08
7/18/21 0:12,13.08
7/18/21 0:20,13.08
7/18/21 0:26,13.08
7/18/21 0:32,13.08
7/18/21 0:36,13.08
7/18/21 0:40,13.08
7/18/21 0:41,13.08
7/18/21 0:42,13.08
7/18/21 0:43,13.08
7/18/21 0:46,13.08
7/18/21 0:49,13.08
7/18/21 0:51,13.08
7/18/21 0:53,13.08
7/18/21 0:54,13.08
7/18/21 0:54,13.08
7/18/21 0:55,13.08
7/18/21 0:57,13.08
7/18/21 0:58,13.08
7/18/21 1:01,13.08
7/18/21 1:05,13.08
7/18/21 1:10,13.08
7/18/21 1:20,13.08
7/18/21 1:26,13.08
7/18/21 1:31,13.08
7/18/21 1:36,13.08
7/18/21 1:42,13.08
7/18/21 1:46,13.08
7/18/21 2:00,13.08
7/18/21 2:14,13.08
7/18/21 2:20,13.08
7/18/21 2:21,13.08
7/18/21 2:23,13.08
7/18/21 2:24,13.08
7/18/21 2:26,13.08
7/18/21 2:29,13.08
7/18/21 2:32,13.08
7/18/21 2:34,13.08
7/18/21 2:39,13.08
7/18/21 2:44,13.08
7/18/21 2:46,13.08
7/18/21 2:49,13.08
7/18/21 2:51,13.08
7/18/21 2:55,13.08
7/18/21 2:59,13.08
7/18/21 3:02,13.08
7/18/21 3:04,13.08
7/18/21 3:07,13.08
7/18/21 3:10,13.08
7/18/21 3:13,13.08
7/18/21 3:17,13.08
7/18/21 3:20,13.08
7/18/21 3:21,13.08
7/18/21 3:23,13.08
7/18/21 3:24,13.08
7/18/21 3:25,13.08
7/18/21 3:27,13.08
7/18/21 3:28,13.08
7/18/21 3:28,13.08
7/18/21 3:29,13.08
7/18/21 3:30,13.08
7/18/21 3:32,13.08
7/18/21 3:34,13.08
7/18/21 3:35,13.08
7/18/21 3:36,13.08
7/18/21 3:37,13.08
7/18/21 3:39,13.08
7/18/21 3:43,13.08
7/18/21 3:46,13.08
7/18/21 3:50,13.08
7/18/21 3:58,13.08
7/18/21 4:13,13.08
7/18/21 5:37,13.08
7/18/21 5:41,13.08
7/18/21 5:48,13.08
7/18/21 6:06,13.08
7/18/21 6:13,13.08
7/18/21 6:19,13.08
7/18/21 6:29,13.08
7/18/21 6:50,13.08
7/18/21 6:59,13.08
7/18/21 7:05,13.08
7/18/21 7:19,13.08
7/18/21 7:36,13.08
7/18/21 7:41,13.08
7/18/21 7:45,13.08
7/18/21 7:51,13.08
7/18/21 7:58,13.08
7/18/21 8:01,13.08
7/18/21 8:02,13.08
7/18/21 8:03,13.08
7/18/21 8:04,13.08
7/18/21 8:06,13.08
7/18/21 8:07,13.08
7/18/21 8:08,13.08
7/18/21 8:08,13.08
7/18/21 8:09,13.08
7/18/21 8:10,13.08
7/18/21 8:10,13.08
7/18/21 8:11,13.08
7/18/21 8:12,13.08
7/18/21 8:13,13.08
7/18/21 8:14,13.08
7/18/21 8:16,13.08
7/18/21 8:17,13.08
7/18/21 8:20,13.08
7/18/21 8:22,13.08
7/18/21 8:24,13.08
7/18/21 8:27,13.08
7/18/21 8:29,13.08
7/18/21 8:30,13.08
7/18/21 8:31,13.08
7/18/21 8:32,13.08
7/18/21 8:34,13.08
7/18/21 8:37,13.08
7/18/21 8:39,13.08
7/18/21 8:45,13.08
7/18/21 8:50,13.08
7/18/21 8:55,13.08
7/18/21 8:58,13.08
7/18/21 9:01,13.08
7/18/21 9:04,13.08
7/18/21 9:08,13.08
7/18/21 9:10,13.08
7/18/21 9:12,13.08
7/18/21 9:14,13.08
7/18/21 9:16,13.08
7/18/21 9:18,13.08
7/18/21 9:20,13.08
7/18/21 9:22,13.08
7/18/21 9:25,13.08
7/18/21 9:28,13.08
7/18/21 9:32,13.08
7/18/21 9:34,13.08
7/18/21 9:37,13.08
7/18/21 9:39,13.08
7/18/21 9:41,13.08
7/18/21 9:42,13.08
7/18/21 9:43,13.08
7/18/21 9:44,13.08
7/18/21 9:46,13.08
7/18/21 9:48,13.08
7/18/21 9:51,13.08
7/18/21 9:52,13.08
7/18/21 9:54,13.08
7/18/21 9:56,13.08
7/18/21 9:58,13.08
7/18/21 10:04,13.08
7/18/21 13:12,13.08
7/18/21 18:54,13.08
7/19/21 4:50,13.08
7/19/21 4:56,13.08
7/19/21 4:59,13.08
7/19/21 5:01,13.08
7/19/21 5:03,13.08
7/19/21 5:06,13.08
7/19/21 5:09,13.08
7/19/21 5:12,13.08
7/19/21 5:15,13.08
7/19/21 5:22,13.08
7/19/21 5:32,13.08
7/19/21 5:36,13.08
7/19/21 5:40,13.08
7/19/21 5:42,13.08
7/19/21 5:45,13.08
7/19/21 5:49,13.08
7/19/21 5:54,13.08
7/19/21 5:59,13.08
7/19/21 6:04,13.08
7/19/21 6:08,13.08
7/19/21 6:12,13.08
7/19/21 6:16,13.08
7/19/21 6:19,13.08
7/19/21 6:24,13.08
7/19/21 6:28,13.08
7/19/21 6:31,13.08
7/19/21 6:35,13.08
7/19/21 6:41,13.08
7/19/21 6:51,13.08
7/19/21 7:07,13.08
7/19/21 7:21,13.08
7/20/21 18:22,13.08
7/20/21 18:23,13.08
7/20/21 18:24,13.08
7/20/21 18:25,13.08
7/20/21 18:26,13.08
7/20/21 18:27,13.08
7/20/21 18:28,13.08
7/20/21 18:28,13.08
7/20/21 18:29,13.08
7/20/21 18:29,13.08
7/20/21 18:29,13.08
7/20/21 18:30,13.08
7/20/21 18:30,13.08
7/20/21 18:31,13.08
7/20/21 18:31,13.08
7/20/21 18:32,13.08
7/20/21 18:33,13.08
7/20/21 18:34,13.08
7/20/21 18:35,13.08
7/20/21 18:35,13.08
7/20/21 18:36,13.08
7/20/21 18:36,13.08
7/20/21 18:37,13.08
7/20/21 18:38,13.08
7/20/21 18:41,13.08
7/20/21 18:59,13.08
7/20/21 18:59,13.08
7/20/21 18:59,13.08
7/20/21 19:00,13.08
7/20/21 19:01,13.08
7/20/21 19:01,13.08
7/20/21 19:01,13.08
7/20/21 19:01,13.08
7/20/21 19:01,13.08
7/20/21 19:01,13.08
7/20/21 19:02,13.08
7/20/21 19:02,13.08
7/20/21 19:02,13.08
7/20/21 19:02,13.08
7/20/21 19:03,13.08
7/20/21 19:03,13.08
7/20/21 19:03,13.08
7/20/21 19:03,13.08
7/20/21 19:04,13.08
7/20/21 19:04,13.08
7/20/21 19:04,13.08
7/20/21 19:05,13.08
7/20/21 19:05,13.08
7/20/21 19:05,13.08
7/20/21 19:06,13.08
7/20/21 19:06,13.08
7/20/21 19:06,13.08
7/20/21 19:07,13.08
7/20/21 19:07,13.08
7/20/21 19:07,13.08
7/20/21 19:08,13.08
7/20/21 19:08,13.08
7/20/21 19:09,13.08
7/20/21 19:10,13.08
7/20/21 19:11,13.08
7/20/21 19:11,13.08
7/20/21 19:12,13.08
7/20/21 19:12,13.08
7/20/21 19:13,13.08
7/20/21 19:14,13.08
7/20/21 19:16,13.08
7/20/21 19:24,13.08
7/20/21 19:38,13.08
7/20/21 20:44,13.08
7/20/21 21:03,13.08
7/20/21 21:15,13.08
7/20/21 21:50,13.08
7/21/21 10:59,13.08
7/21/21 13:51,13.08
7/21/21 13:53,13.08
7/21/21 13:53,13.08
7/21/21 13:53,13.08
7/21/21 13:53,13.08
7/21/21 13:53,13.08
7/25/21 2:21,13.08
7/25/21 2:33,13.08
7/25/21 2:38,13.08
7/25/21 2:42,13.08
7/25/21 2:47,13.08
7/25/21 2:51,13.08
7/25/21 2:54,13.08
7/25/21 2:58,13.08
7/25/21 3:05,13.08
7/25/21 3:12,13.08
7/25/21 3:18,13.08
7/25/21 3:22,13.08
7/25/21 3:24,13.08
7/25/21 3:27,13.08
7/25/21 3:31,13.08
7/25/21 3:37,13.08
7/25/21 3:39,13.08
7/25/21 3:42,13.08
7/25/21 3:46,13.08
7/25/21 3:50,13.08
7/25/21 3:55,13.08
7/25/21 3:59,13.08
7/25/21 4:11,13.08
7/25/21 5:14,13.08
7/25/21 5:59,13.08
7/25/21 6:47,13.08
7/25/21 6:58,13.08
7/25/21 7:01,13.08
7/25/21 7:04,13.08
7/25/21 7:08,13.08
7/26/21 19:23,13.08
7/26/21 20:07,13.08
7/26/21 20:21,13.08
7/26/21 23:31,13.08
7/27/21 14:18,13.08
7/27/21 14:26,13.08
7/27/21 14:27,13.08
7/27/21 14:27,13.08
7/27/21 14:28,13.08
7/27/21 14:29,13.08
7/27/21 14:30,13.08
7/27/21 14:30,13.08
7/27/21 14:31,13.08
7/27/21 14:32,13.08
7/27/21 14:33,13.08
7/27/21 14:35,13.08
7/27/21 14:36,13.08
7/27/21 14:36,13.08
7/27/21 14:37,13.08
7/27/21 14:37,13.08
7/27/21 14:38,13.08
7/27/21 14:38,13.08
7/27/21 14:39,13.08
7/27/21 14:40,13.08
7/27/21 14:44,13.08
7/27/21 14:46,13.08
7/27/21 14:50,13.08
7/27/21 14:55,13.08
7/27/21 15:01,13.08
7/27/21 15:07,13.08
7/27/21 15:11,13.08
7/27/21 15:14,13.08
7/27/21 15:18,13.08
7/27/21 15:20,13.08
7/27/21 15:24,13.08
7/27/21 15:32,13.08
7/27/21 15:42,13.08
7/27/21 15:57,13.08
7/27/21 16:51,13.08
7/27/21 16:52,13.08
7/27/21 16:53,13.08
7/27/21 16:54,13.08
7/27/21 16:55,13.08
7/27/21 17:07,13.08
7/27/21 19:53,13.08
7/27/21 19:57,13.08
7/27/21 19:59,13.08
7/27/21 20:00,13.08
7/27/21 20:04,13.08
7/27/21 20:10,13.08
7/27/21 20:20,13.08
7/27/21 23:34,13.08
7/29/21 13:58,13.08
7/29/21 16:13,13.08
7/30/21 5:47,13.08
7/30/21 5:55,13.08
7/30/21 6:00,13.08
7/30/21 6:10,13.08
7/30/21 6:15,13.08
7/30/21 6:17,13.08
7/30/21 6:18,13.08
7/30/21 6:30,13.08
7/30/21 7:03,13.08
7/30/21 7:09,13.08
7/30/21 7:19,13.08
7/30/21 7:22,13.08
7/30/21 7:23,13.08
7/30/21 7:24,13.08
7/30/21 7:25,13.08
7/30/21 7:26,13.08
7/30/21 7:26,13.08
7/30/21 7:26,13.08
7/30/21 7:27,13.08
7/30/21 7:27,13.08
7/30/21 7:27,13.08
7/30/21 7:28,13.08
7/30/21 7:28,13.08
7/30/21 7:28,13.08
7/30/21 7:28,13.08
7/30/21 7:31,13.08
7/30/21 7:32,13.08
7/30/21 7:33,13.08
7/30/21 7:34,13.08
7/30/21 7:34,13.08
7/30/21 7:38,13.08
7/30/21 7:41,13.08
7/30/21 7:47,13.08
7/30/21 8:51,13.08
7/30/21 8:54,13.08
7/30/21 8:57,13.08
7/30/21 9:00,13.08
7/30/21 9:01,13.08
7/30/21 9:02,13.08
7/30/21 9:05,13.08
7/30/21 9:09,13.08
7/30/21 9:16,13.08
8/1/21 9:41,13.08
8/1/21 9:49,13.08
8/1/21 9:52,13.08
8/1/21 9:55,13.08
8/1/21 9:58,13.08
8/1/21 10:08,13.08
8/1/21 14:25,13.08
8/1/21 14:31,13.08
8/1/21 14:37,13.08
8/1/21 14:42,13.08
8/1/21 14:47,13.08
8/1/21 14:50,13.08
8/1/21 14:55,13.08
8/1/21 15:02,13.08
8/1/21 15:09,13.08
8/1/21 15:14,13.08
8/1/21 15:26,13.08
8/1/21 15:30,13.08
8/1/21 15:40,13.08
8/1/21 15:44,13.08
8/1/21 15:46,13.08
8/1/21 15:47,13.08
8/1/21 15:52,13.08
8/1/21 16:00,13.08
8/1/21 16:02,13.08
8/1/21 16:04,13.08
8/1/21 16:07,13.08
8/1/21 16:08,13.08
8/1/21 16:10,13.08
8/1/21 16:12,13.08
8/1/21 16:13,13.08
8/1/21 16:14,13.08
8/1/21 16:14,13.08
8/1/21 16:15,13.08
8/1/21 16:15,13.08
8/1/21 16:15,13.08
8/1/21 16:16,13.08
8/1/21 16:16,13.08
8/1/21 16:17,13.08
8/1/21 16:17,13.08
8/1/21 16:18,13.08
8/1/21 16:18,13.08
8/1/21 16:19,13.08
8/1/21 16:19,13.08
8/1/21 16:20,13.08
8/1/21 16:21,13.08
8/1/21 16:21,13.08
8/1/21 16:22,13.08
8/1/21 16:23,13.08
8/1/21 16:23,13.08
8/1/21 16:24,13.08
8/1/21 16:25,13.08
8/1/21 16:25,13.08
8/1/21 16:25,13.08
8/1/21 16:26,13.08
8/1/21 16:26,13.08
8/1/21 16:27,13.08
8/1/21 16:32,13.08
8/1/21 16:33,13.08
8/1/21 16:33,13.08
8/1/21 16:34,13.08
8/1/21 16:35,13.08
8/1/21 16:35,13.08
8/1/21 16:36,13.08
8/1/21 16:36,13.08
8/1/21 16:38,13.08
8/1/21 16:38,13.08
8/1/21 16:39,13.08
8/1/21 16:41,13.08
8/1/21 16:43,13.08
8/1/21 16:44,13.08
8/1/21 16:46,13.08
8/1/21 16:53,13.08
8/1/21 16:57,13.08
8/1/21 17:05,13.08
8/1/21 17:10,13.08
8/1/21 17:13,13.08
8/1/21 17:18,13.08
8/1/21 17:20,13.08
8/1/21 17:21,13.08
8/1/21 17:22,13.08
8/1/21 17:23,13.08
8/1/21 17:24,13.08
8/1/21 17:24,13.08
8/1/21 17:25,13.08
8/1/21 17:26,13.08
8/1/21 17:26,13.08
8/1/21 17:27,13.08
8/1/21 17:27,13.08
8/1/21 17:28,13.08
8/1/21 17:29,13.08
8/1/21 17:30,13.08
8/1/21 17:31,13.08
8/1/21 17:32,13.08
8/1/21 17:33,13.08
8/1/21 17:33,13.08
8/1/21 17:34,13.08
8/1/21 17:35,13.08
8/1/21 17:37,13.08
8/1/21 17:38,13.08
8/1/21 17:40,13.08
8/1/21 17:42,13.08
8/1/21 17:44,13.08
8/1/21 17:47,13.08
8/1/21 17:50,13.08
8/1/21 17:53,13.08
8/1/21 17:56,13.08
8/1/21 18:00,13.08
8/1/21 18:04,13.08
8/1/21 18:07,13.08
8/1/21 18:10,13.08
8/1/21 18:15,13.08
8/1/21 18:20,13.08
8/1/21 18:26,13.08
8/1/21 18:36,13.08
8/1/21 22:04,13.08
8/1/21 23:29,13.08
8/1/21 23:55,13.08
8/2/21 1:02,13.08
8/2/21 1:12,13.08
8/2/21 1:24,13.08
8/2/21 1:32,13.08
8/2/21 1:47,13.08
8/2/21 2:05,13.08
8/2/21 3:11,13.08
8/2/21 5:30,13.08
8/2/21 5:36,13.08
8/2/21 19:38,13.08
8/2/21 19:39,13.08